"des_plan","anio_apertura_expediente","abandona","convocatoria_acceso","des_acceso","sexo","municipio","anio_nacimiento_interval","1st_model","scholarship","cum_absent_ratio","cum_pass_ratio","nota_admision_def","expediente","cod_plan"
"GRADO EN INGENIERÍA CIVIL - CONSTRUCCIONES CIVILES","2009-10","0","JUN","Selectividad","H","CÁCERES","(1990.0, 1995.0]",0,"N",0.125,0.25,7.16,1,1623
"GRADO EN INGENIERÍA CIVIL - CONSTRUCCIONES CIVILES","2009-10","1","JUN","Selectividad","D","BADAJOZ","(1990.0, 1995.0]",0,"N",0.2222222222222222,0.3333333333333333,6.73,5,1623
"GRADO EN INGENIERÍA CIVIL - CONSTRUCCIONES CIVILES","2009-10","1","JUN","Formación Profesional","H","MÉRIDA","(1985.0, 1990.0]",0,"N",0.4285714285714285,0.5714285714285714,8.1,7,1623
"GRADO EN INGENIERÍA CIVIL - CONSTRUCCIONES CIVILES","2009-10","0","JUN","Selectividad","D","CORIA","(1990.0, 1995.0]",0,"N",0.1428571428571428,0.5714285714285714,7.17,8,1623
"GRADO EN INGENIERÍA CIVIL - CONSTRUCCIONES CIVILES","2009-10","0","JUN","Selectividad","D","ALMOHARÍN","(1990.0, 1995.0]",0,"S",0.2222222222222222,0.1111111111111111,7.64,12,1623
"GRADO EN INGENIERÍA CIVIL - CONSTRUCCIONES CIVILES","2009-10","0","JUN","Selectividad","H","BADAJOZ","(1990.0, 1995.0]",0,"N",0,0.7142857142857143,6.95,13,1623
"GRADO EN INGENIERÍA CIVIL - CONSTRUCCIONES CIVILES","2009-10","0","JUN","Selectividad","H","CÁCERES","(1990.0, 1995.0]",0,"S",0.2857142857142857,0.5714285714285714,7.65,17,1623
"GRADO EN INGENIERÍA CIVIL - CONSTRUCCIONES CIVILES","2009-10","1","JUN","Formación Profesional","H","CASARICHE","(1985.0, 1990.0]",0,"S",0.375,0.375,6.44,26,1623
"GRADO EN INGENIERÍA CIVIL - CONSTRUCCIONES CIVILES","2009-10","0","JUN","Selectividad","H","MÉRIDA","(1990.0, 1995.0]",0,"N",0.1666666666666666,0.6666666666666666,7.22,28,1623
"GRADO EN INGENIERÍA CIVIL - CONSTRUCCIONES CIVILES","2009-10","1","JUN","Selectividad","H","MÉRIDA","(1990.0, 1995.0]",0,"S",0.375,0.25,8.23,36,1623
"GRADO EN INGENIERÍA CIVIL - CONSTRUCCIONES CIVILES","2009-10","0","JUN","Selectividad","H","CÁCERES","(1990.0, 1995.0]",0,"N",0,1,7.67,37,1623
"GRADO EN INGENIERÍA CIVIL - CONSTRUCCIONES CIVILES","2009-10","0","JUN","Selectividad","D","CASAR DE CÁCERES","(1990.0, 1995.0]",0,"S",0.125,0.25,7.23,39,1623
"GRADO EN INGENIERÍA CIVIL - CONSTRUCCIONES CIVILES","2009-10","0","JUN","Formación Profesional","D","VALLE DE LA SERENA","(1985.0, 1990.0]",0,"S",0.1428571428571428,0.5714285714285714,6.63,40,1623
"GRADO EN INGENIERÍA CIVIL - CONSTRUCCIONES CIVILES","2009-10","0","JUN","Selectividad","D","CÁCERES","(1990.0, 1995.0]",0,"N",0.125,0.25,7.02,41,1623
"GRADO EN INGENIERÍA CIVIL - CONSTRUCCIONES CIVILES","2009-10","0","JUN","Selectividad","H","MÉRIDA","(1990.0, 1995.0]",0,"N",0,0.8333333333333334,7.51,50,1623
"GRADO EN INGENIERÍA CIVIL - CONSTRUCCIONES CIVILES","2009-10","0","JUN","Selectividad","H","GARLITOS","(1990.0, 1995.0]",0,"S",0,1,9.12,52,1623
"GRADO EN INGENIERÍA CIVIL - CONSTRUCCIONES CIVILES","2009-10","0","JUN","Selectividad","H","SEVILLA","(1990.0, 1995.0]",0,"N",0.25,0.375,7.48,55,1623
"GRADO EN INGENIERÍA CIVIL - CONSTRUCCIONES CIVILES","2009-10","0","JUN","Formación Profesional","H","CACABELOS","(1985.0, 1990.0]",0,"S",0.5555555555555556,0.2222222222222222,5.9,56,1623
"GRADO EN INGENIERÍA CIVIL - CONSTRUCCIONES CIVILES","2009-10","0","JUN","Selectividad","H","CÁCERES","(1990.0, 1995.0]",0,"S",0.2857142857142857,0.4285714285714285,6.17,62,1623
"GRADO EN INGENIERÍA CIVIL - CONSTRUCCIONES CIVILES","2009-10","0","JUN","Selectividad","H","QUINTANA DE LA SERENA","(1990.0, 1995.0]",0,"S",0.3333333333333333,0.6666666666666666,6.17,63,1623
"GRADO EN INGENIERÍA CIVIL - CONSTRUCCIONES CIVILES","2009-10","0","JUN","Selectividad","H","CÁCERES","(1990.0, 1995.0]",0,"S",0.2857142857142857,0.5714285714285714,6.33,66,1623
"GRADO EN INGENIERÍA CIVIL - CONSTRUCCIONES CIVILES","2009-10","1","JUN","Selectividad","H","CÁCERES","(1985.0, 1990.0]",1,"S",0.5,0.25,6.11,68,1623
"GRADO EN INGENIERÍA CIVIL - CONSTRUCCIONES CIVILES","2009-10","1","JUN","Selectividad","H","CÁCERES","(1990.0, 1995.0]",0,"N",0.2857142857142857,0.4285714285714285,6.41,71,1623
"GRADO EN INGENIERÍA CIVIL - CONSTRUCCIONES CIVILES","2009-10","1","JUN","Selectividad","H","PLASENCIA","(1990.0, 1995.0]",0,"N",0.25,0.25,6.23,74,1623
"GRADO EN INGENIERÍA CIVIL - CONSTRUCCIONES CIVILES","2009-10","0","JUN","Selectividad","D","BADAJOZ","(1990.0, 1995.0]",0,"S",0,0.5,6.21,76,1623
"GRADO EN INGENIERÍA CIVIL - CONSTRUCCIONES CIVILES","2009-10","0","JUN","Selectividad","H","CÁCERES","(1985.0, 1990.0]",1,"N",0.3333333333333333,0.2222222222222222,5.1,83,1623
"GRADO EN INGENIERÍA CIVIL - CONSTRUCCIONES CIVILES","2010-11","0","JUN","Selectividad","H","RONDA","(1990.0, 1995.0]",0,"N",0.2857142857142857,0.5714285714285714,7.3,88,1623
"GRADO EN INGENIERÍA CIVIL - CONSTRUCCIONES CIVILES","2010-11","0","JUN","Selectividad","D","CÁCERES","(1990.0, 1995.0]",0,"N",0.4285714285714285,0.5714285714285714,6.842,89,1623
"GRADO EN INGENIERÍA CIVIL - CONSTRUCCIONES CIVILES","2010-11","0","JUN","Selectividad","H","PUEBLA DE LA CALZADA","(1990.0, 1995.0]",0,"S",0,0.5,6.586,93,1623
"GRADO EN INGENIERÍA CIVIL - CONSTRUCCIONES CIVILES","2010-11","0","JUN","Selectividad","H","CÁCERES","(1990.0, 1995.0]",0,"N",0,1,7.918,95,1623
"GRADO EN INGENIERÍA CIVIL - CONSTRUCCIONES CIVILES","2010-11","0","JUN","Selectividad","H","CÁCERES","(1990.0, 1995.0]",0,"S",0.2857142857142857,0.4285714285714285,7.136,99,1623
"GRADO EN INGENIERÍA CIVIL - CONSTRUCCIONES CIVILES","2010-11","0","JUN","Selectividad","H","AZUAGA","(1990.0, 1995.0]",0,"S",0.3333333333333333,0.6666666666666666,7.044,105,1623
"GRADO EN INGENIERÍA CIVIL - CONSTRUCCIONES CIVILES","2010-11","0","JUN","Selectividad","H","CÁCERES","(1990.0, 1995.0]",0,"N",0,0.7142857142857143,8.322,108,1623
"GRADO EN INGENIERÍA CIVIL - CONSTRUCCIONES CIVILES","2010-11","0","JUN","Selectividad","H","LOS SANTOS DE MAIMONA","(1990.0, 1995.0]",0,"N",0.3333333333333333,0.3333333333333333,6.172,109,1623
"GRADO EN INGENIERÍA CIVIL - CONSTRUCCIONES CIVILES","2010-11","0","JUN","Selectividad","H","FUENTE DEL MAESTRE","(1990.0, 1995.0]",0,"S",0.125,0.5,7.676,110,1623
"GRADO EN INGENIERÍA CIVIL - CONSTRUCCIONES CIVILES","2010-11","0","JUN","Selectividad","H","FUENTE DEL MAESTRE","(1990.0, 1995.0]",0,"S",0,0.8333333333333334,7.446,111,1623
"GRADO EN INGENIERÍA CIVIL - CONSTRUCCIONES CIVILES","2010-11","0","JUN","Selectividad","H","SOLANA DE LOS BARROS","(1990.0, 1995.0]",0,"S",0.2222222222222222,0.3333333333333333,6.69,116,1623
"GRADO EN INGENIERÍA CIVIL - CONSTRUCCIONES CIVILES","2010-11","0","JUN","Selectividad","H","CÁCERES","(1990.0, 1995.0]",0,"S",0.2857142857142857,0.4285714285714285,7.092,117,1623
"GRADO EN INGENIERÍA CIVIL - CONSTRUCCIONES CIVILES","2010-11","0","JUN","Selectividad","D","CÁCERES","(1990.0, 1995.0]",0,"N",0.125,0.25,6.97,130,1623
"GRADO EN INGENIERÍA CIVIL - CONSTRUCCIONES CIVILES","2010-11","0","JUN","Selectividad","D","PLASENCIA","(1985.0, 1990.0]",1,"S",0.3333333333333333,0.6666666666666666,6.114,133,1623
"GRADO EN INGENIERÍA CIVIL - CONSTRUCCIONES CIVILES","2010-11","0","JUN","Selectividad","H","PALMA DEL RÍO","(1990.0, 1995.0]",0,"N",0.25,0.5,5.828,137,1623
"GRADO EN INGENIERÍA CIVIL - CONSTRUCCIONES CIVILES","2010-11","0","JUN","Selectividad","H","CÁCERES","(1990.0, 1995.0]",0,"S",0,1,7.858,138,1623
"GRADO EN INGENIERÍA CIVIL - CONSTRUCCIONES CIVILES","2010-11","1","JUN","Selectividad","D","BERZOCANA","(1990.0, 1995.0]",0,"S",0.2222222222222222,0.1111111111111111,6.124,140,1623
"GRADO EN INGENIERÍA CIVIL - CONSTRUCCIONES CIVILES","2010-11","1","JUN","Selectividad","D","HERRERA DEL DUQUE","(1990.0, 1995.0]",0,"N",0.25,0.375,7.118,142,1623
"GRADO EN INGENIERÍA CIVIL - CONSTRUCCIONES CIVILES","2010-11","1","SEP","Selectividad","H","CÁCERES","(1985.0, 1990.0]",1,"N",0.6,0.1,5.35,143,1623
"GRADO EN INGENIERÍA CIVIL - CONSTRUCCIONES CIVILES","2010-11","0","SEP","Selectividad","H","CÁCERES","(1990.0, 1995.0]",1,"N",0.5,0.3333333333333333,5.35,147,1623
"GRADO EN INGENIERÍA CIVIL - CONSTRUCCIONES CIVILES","2010-11","0","SEP","Selectividad","H","PLASENCIA","(1990.0, 1995.0]",1,"N",0.125,0.375,5.47,150,1623
"GRADO EN INGENIERÍA CIVIL - CONSTRUCCIONES CIVILES","2010-11","1","SEP","Selectividad","H","CÁCERES","(1985.0, 1990.0]",1,"N",0.1111111111111111,0.2222222222222222,6.392,152,1623
"GRADO EN INGENIERÍA CIVIL - CONSTRUCCIONES CIVILES","2010-11","0","SEP","Selectividad","D","CÁCERES","(1990.0, 1995.0]",1,"N",0.1111111111111111,0.3333333333333333,5.832,155,1623
"GRADO EN INGENIERÍA CIVIL - CONSTRUCCIONES CIVILES","2009-10","0","JUN","Selectividad","H","BADAJOZ","(1985.0, 1990.0]",0,"N",1,0,6.69,165,1623
"GRADO EN INGENIERÍA CIVIL - CONSTRUCCIONES CIVILES","2009-10","1","JUN","Selectividad","H","ESTELLA-LIZARRA","(1985.0, 1990.0]",1,"N",1,0,5.55,166,1623
"GRADO EN INGENIERÍA CIVIL - CONSTRUCCIONES CIVILES","2010-11","0","SEP","Selectividad","H","PLASENCIA","(1990.0, 1995.0]",1,"N",0.9,0,5.736,170,1623
"GRADO EN INGENIERÍA CIVIL - CONSTRUCCIONES CIVILES","2011-12","0","JUN","Selectividad","H","CÁCERES","(1990.0, 1995.0]",1,"S",0.1111111111111111,0.3333333333333333,6.765,178,1623
"GRADO EN INGENIERÍA CIVIL - CONSTRUCCIONES CIVILES","2011-12","0","JUN","Selectividad","D","CÁCERES","(1990.0, 1995.0]",0,"N",0.125,0.375,6.826,181,1623
"GRADO EN INGENIERÍA CIVIL - CONSTRUCCIONES CIVILES","2011-12","0","JUN","Selectividad","H","BADAJOZ","(1990.0, 1995.0]",1,"N",0.25,0.25,7.482,183,1623
"GRADO EN INGENIERÍA CIVIL - CONSTRUCCIONES CIVILES","2011-12","1","JUN","Selectividad","D","ARROYO DE SAN SERVÁN","(1990.0, 1995.0]",1,"S",0,0.375,8.146,189,1623
"GRADO EN INGENIERÍA CIVIL - CONSTRUCCIONES CIVILES","2011-12","1","JUN","Selectividad","H","VILLANUEVA DE LA SERENA","(1990.0, 1995.0]",1,"S",0.2857142857142857,0.5714285714285714,7.285,191,1623
"GRADO EN INGENIERÍA CIVIL - CONSTRUCCIONES CIVILES","2011-12","0","JUN","Selectividad","H","CASAR DE CÁCERES","(1990.0, 1995.0]",0,"N",0.2857142857142857,0.5714285714285714,7.71,192,1623
"GRADO EN INGENIERÍA CIVIL - CONSTRUCCIONES CIVILES","2011-12","0","JUN","Selectividad","H","FREGENAL DE LA SIERRA","(1990.0, 1995.0]",1,"S",0.3333333333333333,0.6666666666666666,7.304,194,1623
"GRADO EN INGENIERÍA CIVIL - CONSTRUCCIONES CIVILES","2011-12","0","JUN","Selectividad","H","CÁDIZ","(1990.0, 1995.0]",1,"N",0.375,0.5,6.761,199,1623
"GRADO EN INGENIERÍA CIVIL - CONSTRUCCIONES CIVILES","2011-12","0","JUN","Selectividad","H","CÁCERES","(1990.0, 1995.0]",1,"N",0.1428571428571428,0.5714285714285714,7.31,200,1623
"GRADO EN INGENIERÍA CIVIL - CONSTRUCCIONES CIVILES","2011-12","1","JUN","Selectividad","H","ANDOAIN","(1990.0, 1995.0]",1,"S",0.25,0.375,8.186,201,1623
"GRADO EN INGENIERÍA CIVIL - CONSTRUCCIONES CIVILES","2011-12","1","JUN","Selectividad","H","BADAJOZ","(1990.0, 1995.0]",1,"S",0.4,0,7.422,202,1623
"GRADO EN INGENIERÍA CIVIL - CONSTRUCCIONES CIVILES","2011-12","0","JUN","Selectividad","H","CÁCERES","(1990.0, 1995.0]",1,"S",0.25,0.5,7.11,207,1623
"GRADO EN INGENIERÍA CIVIL - CONSTRUCCIONES CIVILES","2011-12","0","JUN","Selectividad","D","CORIA","(1990.0, 1995.0]",1,"N",0.2222222222222222,0.2222222222222222,6.206,208,1623
"GRADO EN INGENIERÍA CIVIL - CONSTRUCCIONES CIVILES","2011-12","1","JUN","Selectividad","D","MORALEJA","(1990.0, 1995.0]",0,"S",0.3333333333333333,0.2222222222222222,7.4,213,1623
"GRADO EN INGENIERÍA CIVIL - CONSTRUCCIONES CIVILES","2011-12","0","JUN","Selectividad","H","LOGROSÁN","(1990.0, 1995.0]",1,"S",0.1428571428571428,0.4285714285714285,6.644,215,1623
"GRADO EN INGENIERÍA CIVIL - CONSTRUCCIONES CIVILES","2011-12","0","JUN","Selectividad","H","CÁCERES","(1990.0, 1995.0]",1,"S",0.375,0.375,5.578,225,1623
"GRADO EN INGENIERÍA CIVIL - CONSTRUCCIONES CIVILES","2011-12","0","JUN","Selectividad","H","LEÓN","(1985.0, 1990.0]",1,"N",0.1428571428571428,0.7142857142857143,5.93,226,1623
"GRADO EN INGENIERÍA CIVIL - CONSTRUCCIONES CIVILES","2011-12","1","JUN","Selectividad","H","PLASENCIA","(1990.0, 1995.0]",1,"S",0.25,0.25,6.422,227,1623
"GRADO EN INGENIERÍA CIVIL - CONSTRUCCIONES CIVILES","2011-12","1","JUN","Selectividad","H","CILLEROS","(1990.0, 1995.0]",1,"S",0.5555555555555556,0.1111111111111111,5.54,232,1623
"GRADO EN INGENIERÍA CIVIL - CONSTRUCCIONES CIVILES","2011-12","1","JUN","Selectividad","D","SIERRA DE FUENTES","(1990.0, 1995.0]",1,"S",0,0.4285714285714285,5.55,233,1623
"GRADO EN INGENIERÍA CIVIL - CONSTRUCCIONES CIVILES","2011-12","1","JUN","Formación Profesional","H","CÁCERES","(1985.0, 1990.0]",1,"S",0.375,0.5,7.14,235,1623
"GRADO EN INGENIERÍA CIVIL - CONSTRUCCIONES CIVILES","2011-12","1","JUN","Selectividad","H","TORREMOCHA","(1990.0, 1995.0]",1,"S",0.2222222222222222,0.1111111111111111,5.424,240,1623
"GRADO EN INGENIERÍA CIVIL - CONSTRUCCIONES CIVILES","2011-12","1","JUN","Selectividad","H","CORIA","(1990.0, 1995.0]",1,"S",0.7,0,5.65,243,1623
"GRADO EN INGENIERÍA CIVIL - CONSTRUCCIONES CIVILES","2011-12","1","JUN","Selectividad","H","CÁDIZ","(1990.0, 1995.0]",1,"N",0.3333333333333333,0.2222222222222222,5.279,244,1623
"GRADO EN INGENIERÍA CIVIL - CONSTRUCCIONES CIVILES","2011-12","1","SEP","Selectividad","H","CÁCERES","(1990.0, 1995.0]",1,"N",1,0,6.47,253,1623
"GRADO EN INGENIERÍA CIVIL - CONSTRUCCIONES CIVILES","2010-11","0","JUN","Selectividad","H","CÁCERES","(1985.0, 1990.0]",1,"N",0.4166666666666667,0.1666666666666666,6.13,261,1623
"GRADO EN INGENIERÍA CIVIL - CONSTRUCCIONES CIVILES","2010-11","0","JUN","Selectividad","H","CÁCERES","(1980.0, 1985.0]",0,"N",0.75,0,7.38,269,1623
"GRADO EN INGENIERÍA CIVIL - CONSTRUCCIONES CIVILES","2010-11","1","JUN","Selectividad","H","CÁCERES","(1985.0, 1990.0]",1,"N",0.7272727272727273,0.0909090909090909,5.61,271,1623
"GRADO EN INGENIERÍA CIVIL - CONSTRUCCIONES CIVILES","2010-11","1","JUN","Selectividad","H","CÁCERES","(1985.0, 1990.0]",1,"N",0.3333333333333333,0.2222222222222222,5.87,272,1623
"GRADO EN INGENIERÍA CIVIL - CONSTRUCCIONES CIVILES","2010-11","1","JUN","Selectividad","H","SAN VICENTE DE ALCÁNTARA","(1985.0, 1990.0]",1,"N",0.5714285714285714,0.1428571428571428,5.95,278,1623
"GRADO EN INGENIERÍA CIVIL - CONSTRUCCIONES CIVILES","2011-12","1","SEP","Selectividad","H","BADAJOZ","(1990.0, 1995.0]",1,"N",0.3,0,6.014,283,1623
"GRADO EN INGENIERÍA CIVIL - CONSTRUCCIONES CIVILES","2011-12","1","SEP","Selectividad","H","BADAJOZ","(1990.0, 1995.0]",1,"N",0.5,0,8.608,284,1623
"GRADO EN INGENIERÍA CIVIL - CONSTRUCCIONES CIVILES","2012-13","0","JUN","Selectividad","H","CORIA","(1990.0, 1995.0]",0,"S",0.25,0.375,7.218,286,1623
"GRADO EN INGENIERÍA CIVIL - CONSTRUCCIONES CIVILES","2012-13","1","JUN","Selectividad","D","CÁCERES","(1990.0, 1995.0]",0,"N",0.375,0.25,8.024,292,1623
"GRADO EN INGENIERÍA CIVIL - CONSTRUCCIONES CIVILES","2012-13","1","JUN","Selectividad","D","SEVILLA","(1990.0, 1995.0]",1,"S",0.3333333333333333,0.6666666666666666,7.626,294,1623
"GRADO EN INGENIERÍA CIVIL - CONSTRUCCIONES CIVILES","2012-13","0","JUN","Selectividad","H","CÁCERES","(1990.0, 1995.0]",1,"N",0.1428571428571428,0.4285714285714285,6.168,295,1623
"GRADO EN INGENIERÍA CIVIL - CONSTRUCCIONES CIVILES","2012-13","1","JUN","Selectividad","H","CÁCERES","(1990.0, 1995.0]",0,"N",0.5,0,7.65,296,1623
"GRADO EN INGENIERÍA CIVIL - CONSTRUCCIONES CIVILES","2012-13","1","JUN","Selectividad","H","LA HABA","(1990.0, 1995.0]",0,"S",0.3333333333333333,0.6666666666666666,11.772,297,1623
"GRADO EN INGENIERÍA CIVIL - CONSTRUCCIONES CIVILES","2012-13","1","JUN","Selectividad","H","MÉRIDA","(1990.0, 1995.0]",0,"N",0.3,0.2,7.019,298,1623
"GRADO EN INGENIERÍA CIVIL - CONSTRUCCIONES CIVILES","2012-13","1","JUN","Selectividad","H","CÁDIZ","(1990.0, 1995.0]",0,"N",0.5555555555555556,0.1111111111111111,6.963,305,1623
"GRADO EN INGENIERÍA CIVIL - CONSTRUCCIONES CIVILES","2012-13","1","JUN","Selectividad","D","MEDELLÍN","(1990.0, 1995.0]",0,"S",0.3,0.1,6.182,308,1623
"GRADO EN INGENIERÍA CIVIL - CONSTRUCCIONES CIVILES","2012-13","1","JUN","Selectividad","H","CASTUERA","(1990.0, 1995.0]",0,"N",0.6,0,6.722,309,1623
"GRADO EN INGENIERÍA CIVIL - CONSTRUCCIONES CIVILES","2012-13","1","JUN","Selectividad","H","PLASENCIA","(1990.0, 1995.0]",1,"N",0.2222222222222222,0.1111111111111111,5.4,310,1623
"GRADO EN INGENIERÍA CIVIL - CONSTRUCCIONES CIVILES","2012-13","1","JUN","Formación Profesional","H","SANTIAGO DE ALCÁNTARA","(1990.0, 1995.0]",0,"S",0.6666666666666666,0.1111111111111111,8.36,312,1623
"GRADO EN INGENIERÍA CIVIL - CONSTRUCCIONES CIVILES","2012-13","1","SEP","Selectividad","H","MEDELLÍN","(1990.0, 1995.0]",1,"N",0.5454545454545454,0.1818181818181818,5.422,313,1623
"GRADO EN INGENIERÍA CIVIL - CONSTRUCCIONES CIVILES","2012-13","0","SEP","Selectividad","H","CORIA","(1990.0, 1995.0]",1,"N",0.25,0.5,5.624,316,1623
"GRADO EN INGENIERÍA CIVIL - CONSTRUCCIONES CIVILES","2012-13","0","JUN","Selectividad","D","SEGOVIA","(1990.0, 1995.0]",0,"S",0.3333333333333333,0.2222222222222222,5.846,322,1623
"GRADO EN INGENIERÍA CIVIL - CONSTRUCCIONES CIVILES","2012-13","1","JUN","Selectividad","H","CÁCERES","(1990.0, 1995.0]",0,"N",0.6,0,7.372,325,1623
"GRADO EN INGENIERÍA CIVIL - CONSTRUCCIONES CIVILES","2012-13","0","JUN","Selectividad","H","OLIVENZA","(1990.0, 1995.0]",1,"S",0.25,0.375,5.592,328,1623
"GRADO EN INGENIERÍA CIVIL - CONSTRUCCIONES CIVILES","2012-13","0","JUN","Selectividad","H","MÉRIDA","(1990.0, 1995.0]",0,"S",0.2857142857142857,0.5714285714285714,10.508,330,1623
"GRADO EN INGENIERÍA CIVIL - CONSTRUCCIONES CIVILES","2012-13","0","JUN","Selectividad","H","BADAJOZ","(1990.0, 1995.0]",0,"S",0.25,0.5,9.396,339,1623
"GRADO EN INGENIERÍA CIVIL - CONSTRUCCIONES CIVILES","2012-13","0","JUN","Selectividad","H","CÁCERES","(1990.0, 1995.0]",0,"N",0,0.4285714285714285,7.594,342,1623
"GRADO EN INGENIERÍA CIVIL - CONSTRUCCIONES CIVILES","2012-13","1","JUN","Selectividad","H","CAMPANARIO","(1990.0, 1995.0]",0,"S",0.2222222222222222,0.1111111111111111,8.422,346,1623
"GRADO EN INGENIERÍA CIVIL - CONSTRUCCIONES CIVILES","2012-13","1","JUN","Selectividad","H","CÁCERES","(1990.0, 1995.0]",0,"N",0.2222222222222222,0.4444444444444444,8.192,350,1623
"GRADO EN INGENIERÍA CIVIL - CONSTRUCCIONES CIVILES","2012-13","1","SEP","Selectividad","D","BADAJOZ","(1990.0, 1995.0]",1,"N",0.5833333333333334,0,5.29,353,1623
"GRADO EN INGENIERÍA CIVIL - CONSTRUCCIONES CIVILES","2012-13","1","JUN","Selectividad","H","BADAJOZ","(1990.0, 1995.0]",1,"N",0.4,0,5.164,354,1623
"GRADO EN INGENIERÍA CIVIL - CONSTRUCCIONES CIVILES","2012-13","1","SEP","Selectividad","D","BADAJOZ","(1990.0, 1995.0]",1,"N",0.3,0.1,5.882,356,1623
"GRADO EN INGENIERÍA CIVIL - CONSTRUCCIONES CIVILES","2012-13","0","SEP","Selectividad","H","LOS SANTOS DE MAIMONA","(1990.0, 1995.0]",1,"S",0.2222222222222222,0.1111111111111111,6.174,361,1623
"GRADO EN INGENIERÍA CIVIL - CONSTRUCCIONES CIVILES","2012-13","0","JUN","Selectividad","H","VILLANUEVA DE LA SERENA","(1990.0, 1995.0]",0,"N",0.75,0,7.49,362,1623
"GRADO EN INGENIERÍA CIVIL - CONSTRUCCIONES CIVILES","2012-13","1","SEP","Selectividad","H","MÉRIDA","(1985.0, 1990.0]",1,"N",0.6666666666666666,0.1111111111111111,5.636,365,1623
"GRADO EN INGENIERÍA CIVIL - CONSTRUCCIONES CIVILES","2012-13","1","SEP","Selectividad","H","CÁCERES","(1990.0, 1995.0]",1,"N",0.6,0.1,6.808,366,1623
"GRADO EN INGENIERÍA CIVIL - CONSTRUCCIONES CIVILES","2012-13","1","SEP","Selectividad","H","VILLANUEVA DE LA SERENA","(1990.0, 1995.0]",1,"N",0.3333333333333333,0.2222222222222222,6.328,368,1623
"GRADO EN INGENIERÍA CIVIL - CONSTRUCCIONES CIVILES","2012-13","1","SEP","Selectividad","H","CÁCERES","(1990.0, 1995.0]",1,"S",0.4444444444444444,0.1111111111111111,6.01,369,1623
"GRADO EN INGENIERÍA CIVIL - CONSTRUCCIONES CIVILES","2012-13","1","SEP","Selectividad","H","CÁCERES","(1990.0, 1995.0]",1,"N",0.5555555555555556,0.1111111111111111,5.174,371,1623
"GRADO EN INGENIERÍA CIVIL - CONSTRUCCIONES CIVILES","2012-13","0","SEP","Selectividad","H","CÁCERES","(1985.0, 1990.0]",1,"N",0.5,0.375,5.14,376,1623
"GRADO EN INGENIERÍA CIVIL - CONSTRUCCIONES CIVILES","2012-13","1","JUN","Selectividad","H","NAVALVILLAR DE PELA","(1985.0, 1990.0]",1,"N",0.8,0.1,5.22,380,1623
"GRADO EN INGENIERÍA CIVIL - CONSTRUCCIONES CIVILES","2013-14","1","JUN","Selectividad","H","MADRIGALEJO","(1990.0, 1995.0]",0,"N",0.3333333333333333,0.1111111111111111,6.606,415,1623
"GRADO EN INGENIERÍA CIVIL - CONSTRUCCIONES CIVILES","2013-14","1","JUN","Selectividad","H","CÁCERES","(1990.0, 1995.0]",0,"N",0.1111111111111111,0.1111111111111111,8.168,416,1623
"GRADO EN INGENIERÍA CIVIL - CONSTRUCCIONES CIVILES","2013-14","0","JUN","Selectividad","H","ALMENDRALEJO","(1990.0, 1995.0]",0,"S",0.375,0.375,8.718,430,1623
"GRADO EN INGENIERÍA CIVIL - CONSTRUCCIONES CIVILES","2013-14","1","JUN","Selectividad","H","CÁCERES","(1990.0, 1995.0]",0,"S",0.5555555555555556,0.1111111111111111,9.19,431,1623
"GRADO EN INGENIERÍA CIVIL - CONSTRUCCIONES CIVILES","2013-14","0","JUN","Selectividad","H","ARROYO DE LA LUZ","(1990.0, 1995.0]",0,"S",0.25,0.375,8.744,432,1623
"GRADO EN INGENIERÍA CIVIL - CONSTRUCCIONES CIVILES","2013-14","0","JUN","Selectividad","H","LA ZARZA","(1990.0, 1995.0]",0,"N",0.3333333333333333,0.6666666666666666,9.382,434,1623
"GRADO EN INGENIERÍA CIVIL - CONSTRUCCIONES CIVILES","2013-14","1","JUN","Selectividad","D","MÉRIDA","(1990.0, 1995.0]",0,"N",0.7,0,5.546,435,1623
"GRADO EN INGENIERÍA CIVIL - CONSTRUCCIONES CIVILES","2013-14","0","JUN","Selectividad","H","CAMPANARIO","(1990.0, 1995.0]",0,"S",0.3333333333333333,0.6666666666666666,7.86,436,1623
"GRADO EN INGENIERÍA CIVIL - CONSTRUCCIONES CIVILES","2013-14","0","JUN","Selectividad","D","GUAREÑA","(1990.0, 1995.0]",0,"S",0.25,0.25,7.142,437,1623
"GRADO EN INGENIERÍA CIVIL - CONSTRUCCIONES CIVILES","2013-14","1","JUN","Selectividad","H","CAMPANARIO","(1990.0, 1995.0]",0,"S",0.2857142857142857,0.5714285714285714,8.132,438,1623
"GRADO EN INGENIERÍA CIVIL - CONSTRUCCIONES CIVILES","2013-14","0","JUN","Selectividad","H","CAMPANARIO","(1990.0, 1995.0]",0,"S",0.2857142857142857,0.5714285714285714,7.318,442,1623
"GRADO EN INGENIERÍA CIVIL - CONSTRUCCIONES CIVILES","2013-14","1","JUN","Selectividad","H","JARAÍZ DE LA VERA","(1990.0, 1995.0]",1,"S",0.2222222222222222,0.3333333333333333,6.39,445,1623
"GRADO EN INGENIERÍA CIVIL - CONSTRUCCIONES CIVILES","2013-14","1","JUN","Selectividad","H","CALAMONTE","(1990.0, 1995.0]",1,"N",0.3333333333333333,0.3333333333333333,6.836,448,1623
"GRADO EN INGENIERÍA CIVIL - CONSTRUCCIONES CIVILES","2013-14","1","JUN","Selectividad","H","JARAÍZ DE LA VERA","(1990.0, 1995.0]",1,"N",0.3,0.1,6.414,452,1623
"GRADO EN INGENIERÍA CIVIL - CONSTRUCCIONES CIVILES","2013-14","1","JUN","Selectividad","H","BADAJOZ","(1990.0, 1995.0]",1,"S",0.4,0.1,7.128,460,1623
"GRADO EN INGENIERÍA CIVIL - CONSTRUCCIONES CIVILES","2013-14","0","JUN","Selectividad","H","CÁCERES","(1990.0, 1995.0]",0,"S",0.1666666666666666,0.6666666666666666,11.16,467,1623
"GRADO EN INGENIERÍA CIVIL - CONSTRUCCIONES CIVILES","2013-14","0","JUN","Selectividad","D","NAVALMORAL DE LA MATA","(1990.0, 1995.0]",0,"N",0,0.6666666666666666,10.032,469,1623
"GRADO EN INGENIERÍA CIVIL - CONSTRUCCIONES CIVILES","2013-14","0","SEP","Selectividad","H","CÁCERES","(1990.0, 1995.0]",1,"N",0.25,0.5,6.176,478,1623
"GRADO EN INGENIERÍA CIVIL - CONSTRUCCIONES CIVILES","2013-14","1","JUN","Selectividad","H","CASAR DE CÁCERES","(1990.0, 1995.0]",0,"N",0.25,0.375,8.528,481,1623
"GRADO EN INGENIERÍA CIVIL - CONSTRUCCIONES CIVILES","2013-14","0","JUN","Formación Profesional","H","MEDINA DE LAS TORRES","(1990.0, 1995.0]",0,"S",0.2857142857142857,0.5714285714285714,8.17,482,1623
"GRADO EN INGENIERÍA CIVIL - CONSTRUCCIONES CIVILES","2013-14","1","JUN","Selectividad","H","CÁCERES","(1990.0, 1995.0]",1,"N",0.25,0.375,6.342,485,1623
"GRADO EN INGENIERÍA CIVIL - CONSTRUCCIONES CIVILES","2013-14","1","JUN","Selectividad","D","MÉRIDA","(1990.0, 1995.0]",0,"S",0.3333333333333333,0.1111111111111111,5.411,487,1623
"GRADO EN INGENIERÍA CIVIL - CONSTRUCCIONES CIVILES","2013-14","0","SEP","Selectividad","D","VILLAR DE RENA","(1990.0, 1995.0]",1,"S",0.2857142857142857,0.4285714285714285,8.358,494,1623
"GRADO EN INGENIERÍA CIVIL - CONSTRUCCIONES CIVILES","2013-14","0","JUN","Selectividad","D","CÁCERES","(1990.0, 1995.0]",0,"N",0,0.6666666666666666,10.3,498,1623
"GRADO EN INGENIERÍA CIVIL - CONSTRUCCIONES CIVILES","2013-14","1","SEP","Selectividad","H","CÁCERES","(1990.0, 1995.0]",1,"S",0.3333333333333333,0.3333333333333333,6.332,499,1623
"GRADO EN INGENIERÍA CIVIL - CONSTRUCCIONES CIVILES","2013-14","1","SEP","Selectividad","H","ZALAMEA DE LA SERENA","(1990.0, 1995.0]",1,"S",0.7,0,7.054,512,1623
"GRADO EN INGENIERÍA CIVIL - CONSTRUCCIONES CIVILES","2013-14","0","SEP","Selectividad","H","CAMPANARIO","(1990.0, 1995.0]",1,"N",0.3333333333333333,0.1111111111111111,5.482,515,1623
"GRADO EN INGENIERÍA CIVIL - CONSTRUCCIONES CIVILES","2013-14","1","SEP","Selectividad","D","NAVALMORAL DE LA MATA","(1990.0, 1995.0]",1,"N",0.125,0.25,5.954,522,1623
"GRADO EN INGENIERÍA CIVIL - CONSTRUCCIONES CIVILES","2013-14","0","SEP","Selectividad","H","MALPARTIDA DE CÁCERES","(1990.0, 1995.0]",0,"N",0.4,0,5.024,523,1623
"GRADO EN INGENIERÍA CIVIL - CONSTRUCCIONES CIVILES","2014-15","0","JUN","Selectividad","H","MÉRIDA","(1995.0, 2000.0]",0,"N",0.2222222222222222,0.2222222222222222,8.614,581,1623
"GRADO EN INGENIERÍA CIVIL - CONSTRUCCIONES CIVILES","2014-15","1","JUN","Selectividad","D","BADAJOZ","(1990.0, 1995.0]",1,"S",0.4,0.2,5.792,590,1623
"GRADO EN INGENIERÍA CIVIL - CONSTRUCCIONES CIVILES","2014-15","0","JUN","Selectividad","H","CÁCERES","(1995.0, 2000.0]",0,"S",0.3333333333333333,0.6666666666666666,12.258,594,1623
"GRADO EN INGENIERÍA CIVIL - CONSTRUCCIONES CIVILES","2014-15","0","JUN","Selectividad","H","CÁCERES","(1995.0, 2000.0]",0,"N",0.1428571428571428,0.4285714285714285,10.236,596,1623
"GRADO EN INGENIERÍA CIVIL - CONSTRUCCIONES CIVILES","2014-15","1","JUN","Selectividad","H","NAVALMORAL DE LA MATA","(1990.0, 1995.0]",1,"N",0.9166666666666666,0,5.796,600,1623
"GRADO EN INGENIERÍA CIVIL - CONSTRUCCIONES CIVILES","2014-15","0","JUN","Formación Profesional","H","VILLAFRANCA DE LOS BARROS","(1985.0, 1990.0]",1,"S",0,0.8,7.92,604,1623
"GRADO EN INGENIERÍA CIVIL - CONSTRUCCIONES CIVILES","2014-15","0","JUN","Selectividad","D","VALLE DE MATAMOROS","(1995.0, 2000.0]",0,"S",0.125,0.375,6.626,607,1623
"GRADO EN INGENIERÍA CIVIL - CONSTRUCCIONES CIVILES","2014-15","0","JUN","Selectividad","D","VILLAFRANCA DE LOS BARROS","(1995.0, 2000.0]",0,"N",0.1428571428571428,0.5714285714285714,11.892,609,1623
"GRADO EN INGENIERÍA CIVIL - CONSTRUCCIONES CIVILES","2014-15","1","JUN","Selectividad","H","LLERENA","(1990.0, 1995.0]",0,"N",1,0,6.542,610,1623
"GRADO EN INGENIERÍA CIVIL - CONSTRUCCIONES CIVILES","2014-15","0","JUN","Selectividad","H","HERNÁN CORTÉS","(1995.0, 2000.0]",0,"S",0.2857142857142857,0.5714285714285714,8.582,613,1623
"GRADO EN INGENIERÍA CIVIL - CONSTRUCCIONES CIVILES","2014-15","1","JUN","Selectividad","D","CALAMONTE","(1995.0, 2000.0]",1,"S",0.6,0,6.474,619,1623
"GRADO EN INGENIERÍA CIVIL - CONSTRUCCIONES CIVILES","2014-15","1","JUN","Formación Profesional","H","MALPARTIDA DE CÁCERES","(1985.0, 1990.0]",1,"S",0.3,0,5.85,620,1623
"GRADO EN INGENIERÍA CIVIL - CONSTRUCCIONES CIVILES","2014-15","0","JUN","Selectividad","H","MONTEHERMOSO","(1995.0, 2000.0]",0,"S",0.3333333333333333,0.6666666666666666,12.046,623,1623
"GRADO EN INGENIERÍA CIVIL - CONSTRUCCIONES CIVILES","2014-15","1","JUN","Selectividad","H","LA ZARZA","(1995.0, 2000.0]",0,"S",0.4444444444444444,0.2222222222222222,8.582,625,1623
"GRADO EN INGENIERÍA CIVIL - CONSTRUCCIONES CIVILES","2014-15","1","JUN","Selectividad","H","CÁCERES","(1995.0, 2000.0]",0,"N",0.3333333333333333,0.6666666666666666,10.196,632,1623
"GRADO EN INGENIERÍA CIVIL - CONSTRUCCIONES CIVILES","2014-15","0","JUN","Selectividad","H","CÁCERES","(1995.0, 2000.0]",0,"N",0.125,0.5,10.624,633,1623
"GRADO EN INGENIERÍA CIVIL - CONSTRUCCIONES CIVILES","2014-15","1","JUN","Selectividad","H","TRUJILLO","(1990.0, 1995.0]",1,"N",0.7,0,5.622,637,1623
"GRADO EN INGENIERÍA CIVIL - CONSTRUCCIONES CIVILES","2014-15","0","EXT","Selectividad","D","VILLAFRANCA DE LOS BARROS","(1990.0, 1995.0]",1,"S",0.4444444444444444,0.3333333333333333,5.968,640,1623
"GRADO EN INGENIERÍA CIVIL - CONSTRUCCIONES CIVILES","2014-15","1","EXT","Selectividad","H","CASTAÑAR DE IBOR","(1995.0, 2000.0]",1,"S",0.4,0.1,5.564,643,1623
"GRADO EN INGENIERÍA CIVIL - CONSTRUCCIONES CIVILES","2014-15","0","EXT","Selectividad","H","CÁCERES","(1990.0, 1995.0]",1,"N",0.2222222222222222,0.2222222222222222,6.886,645,1623
"GRADO EN INGENIERÍA CIVIL - CONSTRUCCIONES CIVILES","2014-15","1","EXT","Selectividad","H","MÉRIDA","(1990.0, 1995.0]",1,"N",0.4444444444444444,0.2222222222222222,5.486,650,1623
"GRADO EN INGENIERÍA CIVIL - CONSTRUCCIONES CIVILES","2014-15","1","EXT","Selectividad","H","MÉRIDA","(1995.0, 2000.0]",1,"N",0.6,0,5.242,664,1623
"GRADO EN INGENIERÍA CIVIL - CONSTRUCCIONES CIVILES","2014-15","0","JUN","Selectividad","H","MONTIJO","(1990.0, 1995.0]",0,"S",0.3333333333333333,0.5,11.364,668,1623
"GRADO EN INGENIERÍA CIVIL - CONSTRUCCIONES CIVILES","2014-15","1","JUN","Selectividad","D","ALMENDRALEJO","(1995.0, 2000.0]",0,"N",0.375,0.375,10.458,679,1623
"GRADO EN INGENIERÍA CIVIL - CONSTRUCCIONES CIVILES","2014-15","1","EXT","Selectividad","H","CÓRDOBA","(1995.0, 2000.0]",1,"N",0.5,0,7.296,690,1623
"GRADO EN INGENIERÍA CIVIL - CONSTRUCCIONES CIVILES","2015-16","1","JUN","Selectividad","H","CÁCERES","(1995.0, 2000.0]",0,"S",0.2857142857142857,0.5714285714285714,8.836,720,1623
"GRADO EN INGENIERÍA CIVIL - CONSTRUCCIONES CIVILES","2015-16","0","JUN","Selectividad","D","AZUAGA","(1995.0, 2000.0]",0,"N",0.4444444444444444,0.2222222222222222,7.14,721,1623
"GRADO EN INGENIERÍA CIVIL - CONSTRUCCIONES CIVILES","2015-16","0","JUN","Formación Profesional","H","CÁCERES","(1990.0, 1995.0]",0,"N",0.1428571428571428,0.1428571428571428,6.62,722,1623
"GRADO EN INGENIERÍA CIVIL - CONSTRUCCIONES CIVILES","2015-16","0","JUN","Selectividad","D","SIERRA DE FUENTES","(1995.0, 2000.0]",0,"S",0.3,0.2,8.9,727,1623
"GRADO EN INGENIERÍA CIVIL - CONSTRUCCIONES CIVILES","2015-16","0","JUN","Selectividad","H","CÁCERES","(1990.0, 1995.0]",0,"N",0.6,0.1,6.214,729,1623
"GRADO EN INGENIERÍA CIVIL - CONSTRUCCIONES CIVILES","2015-16","0","JUN","Selectividad","H","CÁCERES","(1990.0, 1995.0]",1,"N",0.2,0.4,5.314,731,1623
"GRADO EN INGENIERÍA CIVIL - CONSTRUCCIONES CIVILES","2015-16","0","JUN","Selectividad","H","QUINTANA DE LA SERENA","(1995.0, 2000.0]",0,"N",0.2857142857142857,0.4285714285714285,9.472,733,1623
"GRADO EN INGENIERÍA CIVIL - CONSTRUCCIONES CIVILES","2015-16","0","JUN","Selectividad","D","ESPARRAGOSA DE LA SERENA","(1995.0, 2000.0]",0,"S",0.2222222222222222,0.4444444444444444,11.244,739,1623
"GRADO EN INGENIERÍA CIVIL - CONSTRUCCIONES CIVILES","2015-16","1","JUN","Selectividad","H","CÁCERES","(1995.0, 2000.0]",0,"S",0.8,0,7.196,741,1623
"GRADO EN INGENIERÍA CIVIL - CONSTRUCCIONES CIVILES","2015-16","0","EXT","Selectividad","H","CÁCERES","(1995.0, 2000.0]",0,"N",0.4444444444444444,0.1111111111111111,6.822,753,1623
"GRADO EN INGENIERÍA CIVIL - CONSTRUCCIONES CIVILES","2015-16","1","JUN","Selectividad","D","TRUJILLO","(1985.0, 1990.0]",1,"N",0.5,0.5,6.99,765,1623
"GRADO EN INGENIERÍA CIVIL - CONSTRUCCIONES CIVILES","2016-17","0","EXT","Selectividad","H","PLASENCIA","(1995.0, 2000.0]",1,"N",0.6,0.2,6.874,773,1623
"GRADO EN INGENIERÍA CIVIL - CONSTRUCCIONES CIVILES","2016-17","0","JUN","Selectividad","H","CAMINOMORISCO","(1995.0, 2000.0]",0,"N",0.4,0.2,6.36,776,1623
"GRADO EN INGENIERÍA CIVIL - CONSTRUCCIONES CIVILES","2016-17","0","JUN","Selectividad","H","CÁCERES","(1995.0, 2000.0]",0,"S",0.3,0.1,7.39,779,1623
"GRADO EN INGENIERÍA CIVIL - CONSTRUCCIONES CIVILES","2016-17","1","EXT","Selectividad","H","CÁCERES","(1995.0, 2000.0]",0,"S",0.6666666666666666,0.1111111111111111,7.906,783,1623
"GRADO EN INGENIERÍA CIVIL - CONSTRUCCIONES CIVILES","2016-17","0","EXT","Selectividad","H","DON BENITO","(1995.0, 2000.0]",0,"S",0,0.3,7.996,785,1623
"GRADO EN INGENIERÍA CIVIL - CONSTRUCCIONES CIVILES","2016-17","1","JUN","Formación Profesional","D","CHIPIONA","(1985.0, 1990.0]",1,"N",0.75,0,5.6,790,1623
"GRADO EN INGENIERÍA CIVIL - CONSTRUCCIONES CIVILES","2016-17","1","JUN","Formación Profesional","H","PLASENCIA","(1990.0, 1995.0]",1,"N",1,0,5.38,791,1623
"GRADO EN INGENIERÍA CIVIL - HIDROLOGÍA","2009-10","1","JUN","Selectividad","H","CORIA","(1985.0, 1990.0]",1,"S",0.1,0.2,5.21,4,1624
"GRADO EN INGENIERÍA CIVIL - HIDROLOGÍA","2009-10","0","JUN","Selectividad","H","HUELVA","(1985.0, 1990.0]",0,"S",0.25,0.375,5.52,5,1624
"GRADO EN INGENIERÍA CIVIL - HIDROLOGÍA","2009-10","1","JUN","Selectividad","D","CORIA","(1990.0, 1995.0]",1,"N",0.4444444444444444,0.1111111111111111,5.99,8,1624
"GRADO EN INGENIERÍA CIVIL - HIDROLOGÍA","2009-10","1","JUN","Selectividad","H","CORIA","(1990.0, 1995.0]",1,"S",0.2857142857142857,0.4285714285714285,8.12,10,1624
"GRADO EN INGENIERÍA CIVIL - HIDROLOGÍA","2009-10","0","JUN","Selectividad","H","BADAJOZ","(1990.0, 1995.0]",1,"N",0.25,0.25,5.43,11,1624
"GRADO EN INGENIERÍA CIVIL - HIDROLOGÍA","2009-10","0","JUN","Selectividad","H","ALBURQUERQUE","(1990.0, 1995.0]",1,"N",0.3333333333333333,0.6666666666666666,5.81,16,1624
"GRADO EN INGENIERÍA CIVIL - HIDROLOGÍA","2009-10","1","JUN","Formación Profesional","H","CORIA","(1985.0, 1990.0]",1,"S",0.4285714285714285,0.4285714285714285,5.89,20,1624
"GRADO EN INGENIERÍA CIVIL - HIDROLOGÍA","2009-10","0","JUN","Selectividad","H","SALAMANCA","(1990.0, 1995.0]",0,"S",0.25,0.5,6.49,24,1624
"GRADO EN INGENIERÍA CIVIL - HIDROLOGÍA","2009-10","0","SEP","Selectividad","H","MAGUILLA","(1990.0, 1995.0]",1,"S",0.4444444444444444,0.2222222222222222,5.25,25,1624
"GRADO EN INGENIERÍA CIVIL - HIDROLOGÍA","2009-10","0","SEP","Selectividad","H","NAVALVILLAR DE PELA","(1990.0, 1995.0]",0,"N",0.3333333333333333,0.2222222222222222,5.58,26,1624
"GRADO EN INGENIERÍA CIVIL - HIDROLOGÍA","2009-10","1","SEP","Selectividad","H","MÉRIDA","(1990.0, 1995.0]",1,"S",0.1111111111111111,0.2222222222222222,5.77,28,1624
"GRADO EN INGENIERÍA CIVIL - HIDROLOGÍA","2009-10","0","SEP","Selectividad","H","BARRADO","(1990.0, 1995.0]",0,"N",0.2857142857142857,0.5714285714285714,6.82,30,1624
"GRADO EN INGENIERÍA CIVIL - HIDROLOGÍA","2009-10","1","JUN","Selectividad","H","CÁCERES","(1985.0, 1990.0]",1,"S",0.3,0,5.47,31,1624
"GRADO EN INGENIERÍA CIVIL - HIDROLOGÍA","2009-10","0","SEP","Selectividad","H","BADAJOZ","(1990.0, 1995.0]",1,"N",0.3333333333333333,0.1111111111111111,5.23,33,1624
"GRADO EN INGENIERÍA CIVIL - HIDROLOGÍA","2009-10","0","JUN","Selectividad","H","PLASENCIA","(1985.0, 1990.0]",0,"N",0,1,8.89,34,1624
"GRADO EN INGENIERÍA CIVIL - HIDROLOGÍA","2009-10","1","SEP","Selectividad","H","CÁCERES","(1990.0, 1995.0]",1,"N",0.3333333333333333,0.3333333333333333,5.95,39,1624
"GRADO EN INGENIERÍA CIVIL - HIDROLOGÍA","2009-10","0","JUN","Selectividad","H","PLASENCIA","(1985.0, 1990.0]",1,"N",0.5714285714285714,0.4285714285714285,5.86,45,1624
"GRADO EN INGENIERÍA CIVIL - HIDROLOGÍA","2009-10","1","SEP","Selectividad","H","CÁCERES","(1985.0, 1990.0]",1,"S",0.3333333333333333,0.1111111111111111,5.14,47,1624
"GRADO EN INGENIERÍA CIVIL - HIDROLOGÍA","2009-10","1","SEP","Selectividad","H","SANTA AMALIA","(1985.0, 1990.0]",1,"N",0.4,0.6,5.65,50,1624
"GRADO EN INGENIERÍA CIVIL - HIDROLOGÍA","2009-10","1","SEP","Selectividad","D","MALPARTIDA DE PLASENCIA","(1985.0, 1990.0]",1,"N",0.5555555555555556,0.2222222222222222,8.73,51,1624
"GRADO EN INGENIERÍA CIVIL - HIDROLOGÍA","2009-10","1","SEP","Selectividad","H","CÁCERES","(1985.0, 1990.0]",1,"N",0.25,0.125,5.92,52,1624
"GRADO EN INGENIERÍA CIVIL - HIDROLOGÍA","2009-10","1","SEP","Selectividad","D","MADRID","(1985.0, 1990.0]",1,"N",0,0.375,5.16,54,1624
"GRADO EN INGENIERÍA CIVIL - HIDROLOGÍA","2010-11","0","JUN","Selectividad","D","BADAJOZ","(1990.0, 1995.0]",0,"N",0,0.8333333333333334,8.444,63,1624
"GRADO EN INGENIERÍA CIVIL - HIDROLOGÍA","2010-11","0","JUN","Selectividad","H","VILLANUEVA DE LA SERENA","(1990.0, 1995.0]",0,"S",0,0.375,8.106,64,1624
"GRADO EN INGENIERÍA CIVIL - HIDROLOGÍA","2010-11","0","JUN","Selectividad","H","MÉRIDA","(1990.0, 1995.0]",1,"S",0.125,0.5,6.092,68,1624
"GRADO EN INGENIERÍA CIVIL - HIDROLOGÍA","2010-11","0","JUN","Selectividad","H","BÉJAR","(1990.0, 1995.0]",1,"S",0.1428571428571428,0.4285714285714285,5.661,69,1624
"GRADO EN INGENIERÍA CIVIL - HIDROLOGÍA","2010-11","0","JUN","Selectividad","D","ESPARRAGOSA DE LARES","(1990.0, 1995.0]",0,"N",0.125,0.25,5.524,70,1624
"GRADO EN INGENIERÍA CIVIL - HIDROLOGÍA","2010-11","1","JUN","Selectividad","H","CÁCERES","(1990.0, 1995.0]",1,"S",0.1666666666666666,0.8333333333333334,5.986,72,1624
"GRADO EN INGENIERÍA CIVIL - HIDROLOGÍA","2010-11","0","JUN","Selectividad","D","CAMPILLOS","(1990.0, 1995.0]",0,"S",0,0.375,7.136,77,1624
"GRADO EN INGENIERÍA CIVIL - HIDROLOGÍA","2010-11","1","JUN","Selectividad","H","CÁCERES","(1985.0, 1990.0]",1,"N",0.4,0.4,7.68,80,1624
"GRADO EN INGENIERÍA CIVIL - HIDROLOGÍA","2010-11","1","SEP","Selectividad","H","BADAJOZ","(1985.0, 1990.0]",1,"S",0.3,0,5.4,83,1624
"GRADO EN INGENIERÍA CIVIL - HIDROLOGÍA","2011-12","0","JUN","Selectividad","H","CÁCERES","(1990.0, 1995.0]",1,"S",0.1111111111111111,0.2222222222222222,5.558,104,1624
"GRADO EN INGENIERÍA CIVIL - HIDROLOGÍA","2011-12","1","JUN","Selectividad","H","GUAREÑA","(1990.0, 1995.0]",1,"S",0.1428571428571428,0.4285714285714285,7.246,105,1624
"GRADO EN INGENIERÍA CIVIL - HIDROLOGÍA","2011-12","1","JUN","Selectividad","H","TRUJILLO","(1990.0, 1995.0]",1,"N",0.3333333333333333,0.2222222222222222,5.622,115,1624
"GRADO EN INGENIERÍA CIVIL - HIDROLOGÍA","2011-12","1","JUN","Selectividad","D","MADRIGALEJO","(1990.0, 1995.0]",1,"S",0.25,0.25,7.172,116,1624
"GRADO EN INGENIERÍA CIVIL - HIDROLOGÍA","2011-12","1","SEP","Selectividad","H","MALPARTIDA DE CÁCERES","(1990.0, 1995.0]",1,"N",0.2222222222222222,0.1111111111111111,5.024,119,1624
"GRADO EN INGENIERÍA CIVIL - HIDROLOGÍA","2011-12","1","SEP","Selectividad","H","SANTA AMALIA","(1985.0, 1990.0]",1,"S",0.4444444444444444,0.1111111111111111,5.376,121,1624
"GRADO EN INGENIERÍA CIVIL - HIDROLOGÍA","2011-12","0","SEP","Selectividad","H","LOS GUADALPERALES","(1990.0, 1995.0]",1,"N",0.3333333333333333,0.2222222222222222,6.022,122,1624
"GRADO EN INGENIERÍA CIVIL - HIDROLOGÍA","2011-12","1","SEP","Selectividad","H","CÁCERES","(1990.0, 1995.0]",1,"S",0.3333333333333333,0.1111111111111111,6.176,124,1624
"GRADO EN INGENIERÍA CIVIL - HIDROLOGÍA","2012-13","0","JUN","Selectividad","D","PLASENCIA","(1990.0, 1995.0]",0,"N",0.1666666666666666,0.8333333333333334,8.768,136,1624
"GRADO EN INGENIERÍA CIVIL - HIDROLOGÍA","2012-13","1","JUN","Selectividad","H","PLASENCIA","(1990.0, 1995.0]",1,"N",0,0.6,6.896,137,1624
"GRADO EN INGENIERÍA CIVIL - HIDROLOGÍA","2012-13","0","JUN","Selectividad","H","ORELLANA LA VIEJA","(1990.0, 1995.0]",0,"N",0.3333333333333333,0.2222222222222222,6.71,138,1624
"GRADO EN INGENIERÍA CIVIL - HIDROLOGÍA","2012-13","1","JUN","Selectividad","H","PLASENCIA","(1990.0, 1995.0]",1,"N",0.3333333333333333,0.2222222222222222,6.226,139,1624
"GRADO EN INGENIERÍA CIVIL - HIDROLOGÍA","2012-13","1","JUN","Selectividad","H","NAVALMORAL DE LA MATA","(1990.0, 1995.0]",1,"N",0.5555555555555556,0.1111111111111111,5.796,142,1624
"GRADO EN INGENIERÍA CIVIL - HIDROLOGÍA","2012-13","1","SEP","Selectividad","H","BADAJOZ","(1990.0, 1995.0]",1,"N",0.6,0.1,5.33,143,1624
"GRADO EN INGENIERÍA CIVIL - HIDROLOGÍA","2012-13","1","SEP","Selectividad","H","CÁCERES","(1985.0, 1990.0]",1,"N",0.5,0,5.35,144,1624
"GRADO EN INGENIERÍA CIVIL - HIDROLOGÍA","2012-13","1","SEP","Selectividad","H","BADAJOZ","(1990.0, 1995.0]",1,"N",0.8,0,8.608,152,1624
"GRADO EN INGENIERÍA CIVIL - HIDROLOGÍA","2012-13","1","SEP","Selectividad","H","AZUAGA","(1985.0, 1990.0]",1,"N",0.5454545454545454,0.0909090909090909,5.23,153,1624
"GRADO EN INGENIERÍA CIVIL - HIDROLOGÍA","2013-14","0","JUN","Selectividad","D","MADRIGALEJO","(1990.0, 1995.0]",0,"S",0.2857142857142857,0.4285714285714285,11.136,169,1624
"GRADO EN INGENIERÍA CIVIL - HIDROLOGÍA","2013-14","1","JUN","Selectividad","H","RONDA","(1990.0, 1995.0]",1,"N",0.3,0.1,5.04,173,1624
"GRADO EN INGENIERÍA CIVIL - HIDROLOGÍA","2013-14","0","SEP","Selectividad","H","CÁCERES","(1985.0, 1990.0]",1,"N",0.625,0,5.82,182,1624
"GRADO EN INGENIERÍA CIVIL - HIDROLOGÍA","2013-14","1","SEP","Formación Profesional","H","CACABELOS","(1985.0, 1990.0]",1,"N",0,0,5.9,203,1624
"GRADO EN INGENIERÍA CIVIL - HIDROLOGÍA","2013-14","1","SEP","Selectividad","H","NAVALMORAL DE LA MATA","(1990.0, 1995.0]",1,"N",0.3,0,6.582,208,1624
"GRADO EN INGENIERÍA CIVIL - HIDROLOGÍA","2014-15","0","JUN","Selectividad","D","QUINTANA DE LA SERENA","(1995.0, 2000.0]",0,"N",0.25,0.375,8.074,233,1624
"GRADO EN INGENIERÍA CIVIL - HIDROLOGÍA","2014-15","1","JUN","Selectividad","H","MADRIGALEJO","(1990.0, 1995.0]",1,"N",0.5,0.1,6.606,235,1624
"GRADO EN INGENIERÍA CIVIL - HIDROLOGÍA","2014-15","1","JUN","Formación Profesional","D","CHIPIONA","(1985.0, 1990.0]",1,"N",1,0,5.6,236,1624
"GRADO EN INGENIERÍA CIVIL - HIDROLOGÍA","2014-15","0","SEP","Selectividad","H","VILLANUEVA DE LA SERENA","(1990.0, 1995.0]",1,"N",0.7,0.1,6.328,239,1624
"GRADO EN INGENIERÍA CIVIL - HIDROLOGÍA","2014-15","1","JUN","Selectividad","H","MONTEHERMOSO","(1990.0, 1995.0]",1,"S",0.7,0,7.118,240,1624
"GRADO EN INGENIERÍA CIVIL - HIDROLOGÍA","2014-15","0","SEP","Selectividad","H","ZALAMEA DE LA SERENA","(1990.0, 1995.0]",1,"N",0.2222222222222222,0.2222222222222222,7.054,251,1624
"GRADO EN INGENIERÍA CIVIL - HIDROLOGÍA","2015-16","1","JUN","Selectividad","H","ZARZA LA MAYOR","(1995.0, 2000.0]",1,"N",0.3333333333333333,0.1111111111111111,7.532,288,1624
"GRADO EN INGENIERÍA CIVIL - HIDROLOGÍA","2015-16","0","JUN","Selectividad","H","CÁCERES","(1995.0, 2000.0]",0,"N",0,0.7142857142857143,7.676,290,1624
"GRADO EN INGENIERÍA CIVIL - HIDROLOGÍA","2015-16","1","JUN","Selectividad","H","LLERENA","(1990.0, 1995.0]",1,"N",0.9166666666666666,0,6.542,292,1624
"GRADO EN INGENIERÍA CIVIL - HIDROLOGÍA","2015-16","1","JUN","Selectividad","D","VILLAFRANCA DE LOS BARROS","(1995.0, 2000.0]",0,"S",0.5,0.25,7.26,293,1624
"GRADO EN INGENIERÍA CIVIL - HIDROLOGÍA","2015-16","1","JUN","Selectividad","D","BADAJOZ","(1990.0, 1995.0]",1,"N",0.375,0.125,5.792,300,1624
"GRADO EN INGENIERÍA CIVIL - HIDROLOGÍA","2016-17","1","JUN","Selectividad","H","CÁCERES","(1995.0, 2000.0]",0,"N",0.25,0.375,7.94,310,1624
"GRADO EN INGENIERÍA CIVIL - TRANSPORTES Y SERVICIOS URBANOS","2009-10","0","JUN","Selectividad","H","CÁCERES","(1990.0, 1995.0]",0,"S",0.2222222222222222,0.2222222222222222,6.57,7,1625
"GRADO EN INGENIERÍA CIVIL - TRANSPORTES Y SERVICIOS URBANOS","2009-10","1","JUN","Selectividad","H","CORIA","(1990.0, 1995.0]",1,"S",0.5,0,5.96,15,1625
"GRADO EN INGENIERÍA CIVIL - TRANSPORTES Y SERVICIOS URBANOS","2009-10","0","JUN","Selectividad","D","ORELLANA LA VIEJA","(1990.0, 1995.0]",0,"S",0,0.3333333333333333,7.39,19,1625
"GRADO EN INGENIERÍA CIVIL - TRANSPORTES Y SERVICIOS URBANOS","2009-10","1","JUN","Selectividad","H","BADAJOZ","(1990.0, 1995.0]",1,"N",0.3333333333333333,0.1111111111111111,5.41,20,1625
"GRADO EN INGENIERÍA CIVIL - TRANSPORTES Y SERVICIOS URBANOS","2009-10","1","JUN","Selectividad","H","CÁCERES","(1990.0, 1995.0]",1,"S",0.4,0.1,5.06,21,1625
"GRADO EN INGENIERÍA CIVIL - TRANSPORTES Y SERVICIOS URBANOS","2009-10","0","JUN","Selectividad","H","DON BENITO","(1990.0, 1995.0]",0,"S",0.25,0.375,6.53,23,1625
"GRADO EN INGENIERÍA CIVIL - TRANSPORTES Y SERVICIOS URBANOS","2009-10","0","JUN","Selectividad","H","MÉRIDA","(1990.0, 1995.0]",0,"S",0.2857142857142857,0.4285714285714285,5.93,24,1625
"GRADO EN INGENIERÍA CIVIL - TRANSPORTES Y SERVICIOS URBANOS","2009-10","0","JUN","Formación Profesional","H","CARTAGENA","(1985.0, 1990.0]",1,"N",0.125,0.25,5.8,29,1625
"GRADO EN INGENIERÍA CIVIL - TRANSPORTES Y SERVICIOS URBANOS","2009-10","1","SEP","Selectividad","H","CÁCERES","(1990.0, 1995.0]",1,"S",0.8,0,5.09,31,1625
"GRADO EN INGENIERÍA CIVIL - TRANSPORTES Y SERVICIOS URBANOS","2009-10","1","SEP","Selectividad","H","FREGENAL DE LA SIERRA","(1990.0, 1995.0]",1,"S",0.75,0.25,5.39,32,1625
"GRADO EN INGENIERÍA CIVIL - TRANSPORTES Y SERVICIOS URBANOS","2009-10","0","SEP","Selectividad","H","CÁCERES","(1985.0, 1990.0]",1,"S",0.3333333333333333,0.2222222222222222,5.51,33,1625
"GRADO EN INGENIERÍA CIVIL - TRANSPORTES Y SERVICIOS URBANOS","2009-10","1","SEP","Selectividad","H","PLASENCIA","(1990.0, 1995.0]",1,"S",0.2222222222222222,0.1111111111111111,5.47,34,1625
"GRADO EN INGENIERÍA CIVIL - TRANSPORTES Y SERVICIOS URBANOS","2009-10","1","SEP","Selectividad","D","BADAJOZ","(1990.0, 1995.0]",1,"S",0.2,0.1,5.29,37,1625
"GRADO EN INGENIERÍA CIVIL - TRANSPORTES Y SERVICIOS URBANOS","2009-10","0","SEP","Selectividad","H","CÁCERES","(1985.0, 1990.0]",1,"S",0.25,0.375,6.07,40,1625
"GRADO EN INGENIERÍA CIVIL - TRANSPORTES Y SERVICIOS URBANOS","2009-10","1","SEP","Selectividad","H","CÁCERES","(1985.0, 1990.0]",1,"N",0.6,0,5.35,42,1625
"GRADO EN INGENIERÍA CIVIL - TRANSPORTES Y SERVICIOS URBANOS","2009-10","1","SEP","Selectividad","D","OLIVENZA","(1990.0, 1995.0]",1,"S",0.2,0,5.09,44,1625
"GRADO EN INGENIERÍA CIVIL - TRANSPORTES Y SERVICIOS URBANOS","2009-10","0","SEP","Selectividad","D","NAVALMORAL DE LA MATA","(1990.0, 1995.0]",1,"S",0.1428571428571428,0.5714285714285714,5.55,51,1625
"GRADO EN INGENIERÍA CIVIL - TRANSPORTES Y SERVICIOS URBANOS","2009-10","0","SEP","Selectividad","H","DONOSTIA-SAN SEBASTIÁN","(1990.0, 1995.0]",1,"S",0.25,0.375,5.14,52,1625
"GRADO EN INGENIERÍA CIVIL - TRANSPORTES Y SERVICIOS URBANOS","2009-10","1","SEP","Selectividad","H","TORREORGAZ","(1985.0, 1990.0]",1,"S",0.3,0,5.19,55,1625
"GRADO EN INGENIERÍA CIVIL - TRANSPORTES Y SERVICIOS URBANOS","2009-10","1","JUN","Selectividad","H","NAVALVILLAR DE PELA","(1985.0, 1990.0]",1,"N",0.6,0.1,5.22,56,1625
"GRADO EN INGENIERÍA CIVIL - TRANSPORTES Y SERVICIOS URBANOS","2008-09","1","JUN","Selectividad","D","CÁCERES","(1985.0, 1990.0]",1,"N",0.2222222222222222,0.2222222222222222,6.13,60,1625
"GRADO EN INGENIERÍA CIVIL - TRANSPORTES Y SERVICIOS URBANOS","2010-11","1","JUN","Selectividad","H","VILLANUEVA DE LA SERENA","(1990.0, 1995.0]",0,"N",0,0.8333333333333334,8.38,68,1625
"GRADO EN INGENIERÍA CIVIL - TRANSPORTES Y SERVICIOS URBANOS","2010-11","0","JUN","Selectividad","H","VILANOVA I LA GELTRÚ","(1990.0, 1995.0]",0,"S",0.1428571428571428,0.4285714285714285,6.728,69,1625
"GRADO EN INGENIERÍA CIVIL - TRANSPORTES Y SERVICIOS URBANOS","2010-11","1","JUN","Selectividad","H","PUEBLA DE SANCHO PÉREZ","(1990.0, 1995.0]",1,"S",0.2,0.2,6.02,72,1625
"GRADO EN INGENIERÍA CIVIL - TRANSPORTES Y SERVICIOS URBANOS","2010-11","0","JUN","Selectividad","H","CÁCERES","(1990.0, 1995.0]",1,"S",0,0.6666666666666666,6.328,73,1625
"GRADO EN INGENIERÍA CIVIL - TRANSPORTES Y SERVICIOS URBANOS","2010-11","0","JUN","Selectividad","H","CÁCERES","(1990.0, 1995.0]",0,"S",0.1666666666666666,0.6666666666666666,6.684,74,1625
"GRADO EN INGENIERÍA CIVIL - TRANSPORTES Y SERVICIOS URBANOS","2010-11","1","JUN","Selectividad","H","MADRIGALEJO","(1985.0, 1990.0]",1,"S",0.25,0.375,5.272,75,1625
"GRADO EN INGENIERÍA CIVIL - TRANSPORTES Y SERVICIOS URBANOS","2010-11","1","JUN","Selectividad","D","BURGUILLOS DEL CERRO","(1990.0, 1995.0]",0,"S",0.8,0,7.55,78,1625
"GRADO EN INGENIERÍA CIVIL - TRANSPORTES Y SERVICIOS URBANOS","2010-11","1","JUN","Formación Profesional","D","CHIPIONA","(1985.0, 1990.0]",1,"N",0.6,0.1,5.6,80,1625
"GRADO EN INGENIERÍA CIVIL - TRANSPORTES Y SERVICIOS URBANOS","2010-11","0","JUN","Selectividad","H","CÁCERES","(1985.0, 1990.0]",1,"N",0.2307692307692307,0.1538461538461538,5.47,82,1625
"GRADO EN INGENIERÍA CIVIL - TRANSPORTES Y SERVICIOS URBANOS","2010-11","1","SEP","Selectividad","H","PLASENCIA","(1990.0, 1995.0]",1,"N",0.5,0.375,5.736,86,1625
"GRADO EN INGENIERÍA CIVIL - TRANSPORTES Y SERVICIOS URBANOS","2010-11","0","SEP","Selectividad","H","CÁCERES","(1990.0, 1995.0]",1,"N",0.4444444444444444,0.1111111111111111,5.736,90,1625
"GRADO EN INGENIERÍA CIVIL - TRANSPORTES Y SERVICIOS URBANOS","2009-10","1","SEP","Selectividad","H","JARAÍZ DE LA VERA","(1985.0, 1990.0]",1,"N",0.6666666666666666,0,5.29,91,1625
"GRADO EN INGENIERÍA CIVIL - TRANSPORTES Y SERVICIOS URBANOS","2009-10","1","JUN","Selectividad","D","TRUJILLO","(1985.0, 1990.0]",1,"N",0.8,0,6.99,96,1625
"GRADO EN INGENIERÍA CIVIL - TRANSPORTES Y SERVICIOS URBANOS","2011-12","1","JUN","Selectividad","H","CÁCERES","(1990.0, 1995.0]",0,"S",0,1,13.464,99,1625
"GRADO EN INGENIERÍA CIVIL - TRANSPORTES Y SERVICIOS URBANOS","2011-12","1","JUN","Selectividad","H","CÁCERES","(1990.0, 1995.0]",0,"N",0.1666666666666666,0.8333333333333334,11.276,109,1625
"GRADO EN INGENIERÍA CIVIL - TRANSPORTES Y SERVICIOS URBANOS","2011-12","1","JUN","Selectividad","D","PLASENCIA","(1990.0, 1995.0]",1,"S",0.2222222222222222,0.3333333333333333,7.246,111,1625
"GRADO EN INGENIERÍA CIVIL - TRANSPORTES Y SERVICIOS URBANOS","2011-12","1","JUN","Selectividad","H","PIORNAL","(1990.0, 1995.0]",1,"N",0.2857142857142857,0.4285714285714285,6.054,117,1625
"GRADO EN INGENIERÍA CIVIL - TRANSPORTES Y SERVICIOS URBANOS","2011-12","1","SEP","Selectividad","H","NAVALMORAL DE LA MATA","(1990.0, 1995.0]",1,"N",0.6666666666666666,0.3333333333333333,5.822,120,1625
"GRADO EN INGENIERÍA CIVIL - TRANSPORTES Y SERVICIOS URBANOS","2011-12","0","SEP","Selectividad","H","MÉRIDA","(1990.0, 1995.0]",1,"S",0.1428571428571428,0.5714285714285714,5.442,123,1625
"GRADO EN INGENIERÍA CIVIL - TRANSPORTES Y SERVICIOS URBANOS","2011-12","1","SEP","Selectividad","H","CORIA","(1990.0, 1995.0]",1,"S",0.375,0.25,5.624,124,1625
"GRADO EN INGENIERÍA CIVIL - TRANSPORTES Y SERVICIOS URBANOS","2011-12","1","SEP","Selectividad","D","CAMPANARIO","(1990.0, 1995.0]",1,"N",0.4,0.1,6.228,125,1625
"GRADO EN INGENIERÍA CIVIL - TRANSPORTES Y SERVICIOS URBANOS","2011-12","1","SEP","Selectividad","H","CAMPANARIO","(1990.0, 1995.0]",1,"S",0.3,0,5.482,132,1625
"GRADO EN INGENIERÍA CIVIL - TRANSPORTES Y SERVICIOS URBANOS","2011-12","1","SEP","Selectividad","H","BADAJOZ","(1985.0, 1990.0]",1,"N",0.1111111111111111,0.1111111111111111,5.4,137,1625
"GRADO EN INGENIERÍA CIVIL - TRANSPORTES Y SERVICIOS URBANOS","2010-11","0","JUN","Selectividad","H","VILLANUEVA DE LA SERENA","(1985.0, 1990.0]",1,"N",0.75,0.25,6.83,145,1625
"GRADO EN INGENIERÍA CIVIL - TRANSPORTES Y SERVICIOS URBANOS","2010-11","0","SEP","Selectividad","H","BADAJOZ","(1985.0, 1990.0]",1,"N",0.5,0.1,5.71,149,1625
"GRADO EN INGENIERÍA CIVIL - TRANSPORTES Y SERVICIOS URBANOS","2012-13","1","JUN","Selectividad","H","DON BENITO","(1990.0, 1995.0]",0,"S",0.2857142857142857,0.5714285714285714,11.678,151,1625
"GRADO EN INGENIERÍA CIVIL - TRANSPORTES Y SERVICIOS URBANOS","2012-13","1","JUN","Selectividad","H","ZAHÍNOS","(1990.0, 1995.0]",1,"S",0.5,0.25,6.994,154,1625
"GRADO EN INGENIERÍA CIVIL - TRANSPORTES Y SERVICIOS URBANOS","2012-13","0","JUN","Selectividad","H","LLERENA","(1990.0, 1995.0]",0,"N",0.7777777777777778,0.1111111111111111,6.542,159,1625
"GRADO EN INGENIERÍA CIVIL - TRANSPORTES Y SERVICIOS URBANOS","2012-13","1","JUN","Formación Profesional","H","CÁCERES","(1990.0, 1995.0]",1,"S",0.2222222222222222,0.2222222222222222,6.55,172,1625
"GRADO EN INGENIERÍA CIVIL - TRANSPORTES Y SERVICIOS URBANOS","2012-13","1","JUN","Formación Profesional","H","MONTÁNCHEZ","(1985.0, 1990.0]",1,"S",0.5555555555555556,0.1111111111111111,6.45,173,1625
"GRADO EN INGENIERÍA CIVIL - TRANSPORTES Y SERVICIOS URBANOS","2012-13","1","JUN","Formación Profesional","H","AZUAGA","(1985.0, 1990.0]",1,"S",0.5555555555555556,0.1111111111111111,5.63,174,1625
"GRADO EN INGENIERÍA CIVIL - TRANSPORTES Y SERVICIOS URBANOS","2012-13","1","JUN","Selectividad","H","CAÑAMERO","(1990.0, 1995.0]",1,"S",0.2222222222222222,0.1111111111111111,7.004,176,1625
"GRADO EN INGENIERÍA CIVIL - TRANSPORTES Y SERVICIOS URBANOS","2012-13","1","SEP","Selectividad","H","ZAHÍNOS","(1990.0, 1995.0]",1,"S",0.6,0,8.696,177,1625
"GRADO EN INGENIERÍA CIVIL - TRANSPORTES Y SERVICIOS URBANOS","2012-13","1","JUN","Selectividad","H","PERALEDA DE LA MATA","(1990.0, 1995.0]",1,"N",0.25,0.25,5.706,180,1625
"GRADO EN INGENIERÍA CIVIL - TRANSPORTES Y SERVICIOS URBANOS","2013-14","0","JUN","Formación Profesional","D","MÉRIDA","(1990.0, 1995.0]",0,"S",0.2727272727272727,0.1818181818181818,7.88,208,1625
"GRADO EN INGENIERÍA CIVIL - TRANSPORTES Y SERVICIOS URBANOS","2013-14","1","SEP","Selectividad","H","CÁCERES","(1985.0, 1990.0]",1,"N",0.6666666666666666,0,6.392,209,1625
"GRADO EN INGENIERÍA CIVIL - TRANSPORTES Y SERVICIOS URBANOS","2013-14","0","JUN","Selectividad","H","ARROYO DE LA LUZ","(1990.0, 1995.0]",0,"N",0.2857142857142857,0.5714285714285714,8.846,211,1625
"GRADO EN INGENIERÍA CIVIL - TRANSPORTES Y SERVICIOS URBANOS","2013-14","0","SEP","Selectividad","H","CÁCERES","(1985.0, 1990.0]",1,"N",0.6666666666666666,0.1666666666666666,6.49,218,1625
"GRADO EN INGENIERÍA CIVIL - TRANSPORTES Y SERVICIOS URBANOS","2013-14","1","SEP","Selectividad","H","PONFERRADA","(1980.0, 1985.0]",1,"N",0.4,0.3,6.07,240,1625
"GRADO EN INGENIERÍA CIVIL - TRANSPORTES Y SERVICIOS URBANOS","2013-14","0","SEP","Selectividad","H","SANTA AMALIA","(1985.0, 1990.0]",1,"N",0.25,0.125,5.376,241,1625
"GRADO EN INGENIERÍA CIVIL - TRANSPORTES Y SERVICIOS URBANOS","2013-14","1","JUN","Selectividad","H","CÁCERES","(1985.0, 1990.0]",1,"N",1,0,5.61,250,1625
"GRADO EN INGENIERÍA CIVIL - TRANSPORTES Y SERVICIOS URBANOS","2013-14","1","SEP","Selectividad","H","CÁCERES","(1990.0, 1995.0]",1,"N",1,0,6.47,252,1625
"GRADO EN INGENIERÍA CIVIL - TRANSPORTES Y SERVICIOS URBANOS","2014-15","1","SEP","Selectividad","H","MÉRIDA","(1985.0, 1990.0]",1,"N",1,0,5.636,274,1625
"GRADO EN INGENIERÍA CIVIL - TRANSPORTES Y SERVICIOS URBANOS","2014-15","0","JUN","Selectividad","H","MÉRIDA","(1990.0, 1995.0]",1,"N",0.2,0.2,7.019,276,1625
"GRADO EN INGENIERÍA CIVIL - TRANSPORTES Y SERVICIOS URBANOS","2014-15","1","JUN","Selectividad","H","MONTEHERMOSO","(1995.0, 2000.0]",1,"S",0.25,0.375,7.208,277,1625
"GRADO EN INGENIERÍA CIVIL - TRANSPORTES Y SERVICIOS URBANOS","2014-15","0","JUN","Formación Profesional","H","CÁCERES","(1985.0, 1990.0]",1,"N",0.2857142857142857,0.4285714285714285,6.44,279,1625
"GRADO EN INGENIERÍA CIVIL - TRANSPORTES Y SERVICIOS URBANOS","2014-15","0","SEP","Selectividad","H","MEDELLÍN","(1990.0, 1995.0]",1,"N",0.3333333333333333,0,5.422,302,1625
"GRADO EN INGENIERÍA CIVIL - TRANSPORTES Y SERVICIOS URBANOS","2014-15","1","JUN","Selectividad","D","JEREZ DE LOS CABALLEROS","(1980.0, 1985.0]",1,"N",0.8333333333333334,0,5.96,317,1625
"GRADO EN INGENIERÍA CIVIL - TRANSPORTES Y SERVICIOS URBANOS","2015-16","0","JUN","Selectividad","D","MÉRIDA","(1995.0, 2000.0]",0,"S",0.3333333333333333,0.3333333333333333,8.75,330,1625
"GRADO EN INGENIERÍA CIVIL - TRANSPORTES Y SERVICIOS URBANOS","2015-16","1","JUN","Selectividad","H","CÁCERES","(1990.0, 1995.0]",1,"S",0.6,0,5.518,340,1625
"GRADO EN INGENIERÍA CIVIL - TRANSPORTES Y SERVICIOS URBANOS","2015-16","1","EXT","Selectividad","H","MÉRIDA","(1990.0, 1995.0]",1,"N",0.4444444444444444,0.1111111111111111,5.486,351,1625
"GRADO EN INGENIERÍA CIVIL - TRANSPORTES Y SERVICIOS URBANOS","2016-17","0","JUN","Selectividad","H","HIGUERA DE LA SERENA","(1980.0, 1985.0]",1,"N",1,0,6.47,371,1625
"GRADO EN EDIFICACIÓN","2009-10","0","JUN","Selectividad","H","MÉRIDA","(1990.0, 1995.0]",0,"N",0,0.4285714285714285,6.13,30,1626
"GRADO EN EDIFICACIÓN","2009-10","0","JUN","Selectividad","H","BADAJOZ","(1990.0, 1995.0]",0,"N",0,0.4285714285714285,6.53,50,1626
"GRADO EN EDIFICACIÓN","2009-10","0","JUN","Selectividad","H","PUEBLA DE LA CALZADA","(1990.0, 1995.0]",0,"N",0.1428571428571428,0.7142857142857143,7.18,82,1626
"GRADO EN EDIFICACIÓN","2009-10","1","JUN","Selectividad","D","SEVILLA","(1990.0, 1995.0]",1,"S",0,0.4285714285714285,8.23,106,1626
"GRADO EN EDIFICACIÓN","2010-11","0","JUN","Selectividad","H","CÁCERES","(1990.0, 1995.0]",0,"N",0,0.6666666666666666,6.95,241,1626
"GRADO EN EDIFICACIÓN","2010-11","1","SEP","Selectividad","H","PLASENCIA","(1990.0, 1995.0]",1,"S",0.6666666666666666,0.1111111111111111,8.47,304,1626
"GRADO EN EDIFICACIÓN","2010-11","1","SEP","Selectividad","H","VALDELACALZADA","(1985.0, 1990.0]",1,"S",0.7,0.1,5.07,308,1626
"GRADO EN EDIFICACIÓN","2010-11","1","SEP","Selectividad","H","BADAJOZ","(1990.0, 1995.0]",1,"S",0.8,0,5.43,338,1626
"GRADO EN EDIFICACIÓN","2010-11","1","SEP","Selectividad","H","CASAR DE CÁCERES","(1990.0, 1995.0]",1,"S",0.5714285714285714,0.4285714285714285,6.444,346,1626
"GRADO EN EDIFICACIÓN","2010-11","1","SEP","Selectividad","H","CÁCERES","(1990.0, 1995.0]",1,"N",0.4,0.1,6.914,355,1626
"GRADO EN EDIFICACIÓN","2009-10","1","JUN","Selectividad","H","LOS SANTOS DE MAIMONA","(1985.0, 1990.0]",1,"N",0.6666666666666666,0,5.9,392,1626
"GRADO EN EDIFICACIÓN","2011-12","1","JUN","Selectividad","H","BADAJOZ","(1990.0, 1995.0]",1,"N",0.6,0,5.318,878,1626
"GRADO EN EDIFICACIÓN","2011-12","1","JUN","Selectividad","H","ZAHÍNOS","(1990.0, 1995.0]",1,"S",0.7,0,7.472,887,1626
"GRADO EN EDIFICACIÓN","2011-12","0","JUN","Selectividad","D","MÉRIDA","(1990.0, 1995.0]",1,"S",0,0.5,8.086,912,1626
"GRADO EN EDIFICACIÓN","2011-12","0","JUN","Formación Profesional","D","TIETAR","(1985.0, 1990.0]",1,"S",0.3,0.3,6.75,924,1626
"GRADO EN EDIFICACIÓN","2011-12","1","JUN","Selectividad","D","CÁCERES","(1990.0, 1995.0]",1,"N",0.1111111111111111,0.3333333333333333,6.1,928,1626
"GRADO EN EDIFICACIÓN","2011-12","0","SEP","Selectividad","D","BADAJOZ","(1990.0, 1995.0]",1,"S",0.2222222222222222,0.3333333333333333,6.478,944,1626
"GRADO EN EDIFICACIÓN","2011-12","0","SEP","Selectividad","H","CASAR DE CÁCERES","(1990.0, 1995.0]",1,"N",0.2,0.3,6.06,948,1626
"GRADO EN EDIFICACIÓN","2011-12","1","SEP","Selectividad","H","BADAJOZ","(1990.0, 1995.0]",1,"S",0.4,0.1,5.9,951,1626
"GRADO EN EDIFICACIÓN","2011-12","1","SEP","Selectividad","H","BADAJOZ","(1990.0, 1995.0]",1,"N",1,0,5.46,956,1626
"GRADO EN EDIFICACIÓN","2011-12","1","SEP","Selectividad","D","ARROYO DE LA LUZ","(1990.0, 1995.0]",1,"S",0.2,0,7.954,960,1626
"GRADO EN EDIFICACIÓN","2012-13","0","JUN","Selectividad","D","ALBURQUERQUE","(1990.0, 1995.0]",0,"N",0.1428571428571428,0.7142857142857143,9.596,1189,1626
"GRADO EN EDIFICACIÓN","2012-13","1","JUN","Formación Profesional","H","HUELVA","(1985.0, 1990.0]",1,"N",0.6,0.1,7.3,1200,1626
"GRADO EN EDIFICACIÓN","2012-13","0","JUN","Selectividad","D","RIBERA DEL FRESNO","(1990.0, 1995.0]",0,"N",0.2222222222222222,0.2222222222222222,8.628,1202,1626
"GRADO EN EDIFICACIÓN","2012-13","0","JUN","Selectividad","H","TRUJILLO","(1990.0, 1995.0]",0,"S",0,0.375,10.64,1203,1626
"GRADO EN EDIFICACIÓN","2012-13","0","JUN","Selectividad","D","RIBERA DEL FRESNO","(1990.0, 1995.0]",0,"S",0,0.5,7.678,1204,1626
"GRADO EN EDIFICACIÓN","2012-13","1","SEP","Selectividad","H","MÉRIDA","(1990.0, 1995.0]",1,"N",0.1111111111111111,0.1111111111111111,5.792,1207,1626
"GRADO EN EDIFICACIÓN","2012-13","0","JUN","Selectividad","H","SIERRA DE FUENTES","(1990.0, 1995.0]",0,"S",0.1428571428571428,0.4285714285714285,7.106,1209,1626
"GRADO EN EDIFICACIÓN","2012-13","0","JUN","Selectividad","D","NAVALMORAL DE LA MATA","(1990.0, 1995.0]",0,"S",0,0.375,8.064,1211,1626
"GRADO EN EDIFICACIÓN","2012-13","0","JUN","Selectividad","H","VILLAR DEL REY","(1990.0, 1995.0]",1,"S",0.3333333333333333,0.3333333333333333,6.144,1212,1626
"GRADO EN EDIFICACIÓN","2012-13","0","JUN","Selectividad","D","ARROYO DE LA LUZ","(1990.0, 1995.0]",0,"S",0.2857142857142857,0.5714285714285714,8.922,1213,1626
"GRADO EN EDIFICACIÓN","2012-13","1","JUN","Formación Profesional","H","PLASENCIA","(1985.0, 1990.0]",1,"S",0.5,0.0833333333333333,5.75,1214,1626
"GRADO EN EDIFICACIÓN","2012-13","1","JUN","Formación Profesional","H","CORIA","(1985.0, 1990.0]",1,"S",0.3,0.3,7.25,1215,1626
"GRADO EN EDIFICACIÓN","2012-13","1","JUN","Formación Profesional","D","DON BENITO","(1975.0, 1980.0]",1,"N",0.25,0.375,6.3,1217,1626
"GRADO EN EDIFICACIÓN","2012-13","1","JUN","Formación Profesional","D","CÁCERES","(1985.0, 1990.0]",1,"S",0.2727272727272727,0.0909090909090909,5.5,1219,1626
"GRADO EN EDIFICACIÓN","2012-13","0","JUN","Selectividad","D","MADRID","(1990.0, 1995.0]",0,"S",0.25,0.375,6.914,1220,1626
"GRADO EN EDIFICACIÓN","2012-13","1","JUN","Formación Profesional","H","PLASENCIA","(1985.0, 1990.0]",1,"S",0.6363636363636364,0.1818181818181818,7.25,1221,1626
"GRADO EN EDIFICACIÓN","2012-13","1","JUN","Selectividad","D","PLASENCIA","(1990.0, 1995.0]",1,"S",0.4,0.1,5.682,1222,1626
"GRADO EN EDIFICACIÓN","2012-13","1","JUN","Selectividad","D","CÁCERES","(1990.0, 1995.0]",0,"N",0.5555555555555556,0.1111111111111111,6.9,1227,1626
"GRADO EN EDIFICACIÓN","2012-13","1","JUN","Selectividad","H","PLASENCIA","(1990.0, 1995.0]",1,"S",0.5,0,5.642,1228,1626
"GRADO EN EDIFICACIÓN","2012-13","0","JUN","Selectividad","H","CÁCERES","(1990.0, 1995.0]",0,"S",0.2857142857142857,0.5714285714285714,8.46,1238,1626
"GRADO EN EDIFICACIÓN","2012-13","0","JUN","Formación Profesional","H","BADAJOZ","(1985.0, 1990.0]",1,"N",0.4444444444444444,0.2222222222222222,5.18,1248,1626
"GRADO EN EDIFICACIÓN","2012-13","1","JUN","Selectividad","D","VALLE DE LA SERENA","(1990.0, 1995.0]",1,"S",0.2222222222222222,0.2222222222222222,5.564,1251,1626
"GRADO EN EDIFICACIÓN","2012-13","0","JUN","Selectividad","H","BADAJOZ","(1990.0, 1995.0]",0,"S",0.2857142857142857,0.5714285714285714,9.524,1255,1626
"GRADO EN EDIFICACIÓN","2012-13","1","JUN","Formación Profesional","H","CÁCERES","(1985.0, 1990.0]",1,"N",0.7272727272727273,0.0909090909090909,6.38,1260,1626
"GRADO EN EDIFICACIÓN","2012-13","0","JUN","Selectividad","H","GUADALUPE","(1990.0, 1995.0]",0,"S",0.2222222222222222,0.2222222222222222,7.29,1262,1626
"GRADO EN EDIFICACIÓN","2012-13","0","JUN","Selectividad","D","PLASENCIA","(1990.0, 1995.0]",0,"N",0.4,0.3,6.504,1269,1626
"GRADO EN EDIFICACIÓN","2012-13","0","JUN","Formación Profesional","H","CASTUERA","(1985.0, 1990.0]",1,"S",0.2727272727272727,0.3636363636363636,5.5,1273,1626
"GRADO EN EDIFICACIÓN","2012-13","0","JUN","Selectividad","D","MADRID","(1990.0, 1995.0]",1,"N",0.4,0.1,5.671,1280,1626
"GRADO EN EDIFICACIÓN","2012-13","0","SEP","Selectividad","H","CÁCERES","(1990.0, 1995.0]",1,"N",0.3333333333333333,0.2222222222222222,7.086,1282,1626
"GRADO EN EDIFICACIÓN","2012-13","0","SEP","Selectividad","D","CABEZA DEL BUEY","(1990.0, 1995.0]",0,"S",0.4,0.2,7.242,1283,1626
"GRADO EN EDIFICACIÓN","2012-13","1","SEP","Selectividad","H","CÁCERES","(1990.0, 1995.0]",1,"S",0.3333333333333333,0.2222222222222222,6.778,1286,1626
"GRADO EN EDIFICACIÓN","2012-13","0","SEP","Selectividad","H","CABEZA DEL BUEY","(1990.0, 1995.0]",0,"N",0.2222222222222222,0.3333333333333333,5.118,1288,1626
"GRADO EN EDIFICACIÓN","2012-13","1","SEP","Selectividad","D","MONTIJO","(1990.0, 1995.0]",1,"N",0.5,0,7.124,1289,1626
"GRADO EN EDIFICACIÓN","2012-13","0","SEP","Selectividad","D","CAMPANARIO","(1990.0, 1995.0]",1,"N",0.5555555555555556,0.2222222222222222,6.228,1290,1626
"GRADO EN EDIFICACIÓN","2012-13","1","SEP","Selectividad","D","PLASENCIA","(1985.0, 1990.0]",1,"N",0.9,0,6.464,1292,1626
"GRADO EN EDIFICACIÓN","2012-13","1","ENE","Formación Profesional","D","CÁCERES","(1985.0, 1990.0]",1,"N",0.7,0,5.5,1294,1626
"GRADO EN EDIFICACIÓN","2012-13","1","SEP","Formación Profesional","H","CORIA","(1985.0, 1990.0]",1,"N",0.625,0.25,6.42,1295,1626
"GRADO EN EDIFICACIÓN","2012-13","0","SEP","Selectividad","D","MALPARTIDA DE CÁCERES","(1990.0, 1995.0]",1,"S",0.3333333333333333,0.6666666666666666,8.6,1300,1626
"GRADO EN EDIFICACIÓN","2012-13","0","SEP","Selectividad","H","QUINTANA DE LA SERENA","(1990.0, 1995.0]",1,"S",0.2222222222222222,0.4444444444444444,8.348,1301,1626
"GRADO EN EDIFICACIÓN","2012-13","0","SEP","Selectividad","D","CECLAVÍN","(1990.0, 1995.0]",1,"S",0.2222222222222222,0.2222222222222222,8.268,1302,1626
"GRADO EN EDIFICACIÓN","2012-13","1","JUN","Selectividad","D","BERZOCANA","(1990.0, 1995.0]",1,"N",0.3,0.1,6.124,1303,1626
"GRADO EN EDIFICACIÓN","2012-13","1","SEP","Selectividad","H","MÉRIDA","(1990.0, 1995.0]",1,"S",0,0.5,9.986,1304,1626
"GRADO EN EDIFICACIÓN","2012-13","1","JUN","Formación Profesional","D","BARAKALDO","(1985.0, 1990.0]",1,"N",0.25,0.375,6.3,1305,1626
"GRADO EN EDIFICACIÓN","2012-13","0","SEP","Selectividad","H","CORIA","(1990.0, 1995.0]",1,"S",0.375,0.375,6.076,1307,1626
"GRADO EN EDIFICACIÓN","2012-13","1","SEP","Selectividad","H","MÉRIDA","(1990.0, 1995.0]",1,"N",1,0,5.36,1308,1626
"GRADO EN EDIFICACIÓN","2012-13","1","SEP","Selectividad","H","MÉRIDA","(1990.0, 1995.0]",1,"N",0.3,0,5.092,1310,1626
"GRADO EN EDIFICACIÓN","2013-14","0","JUN","Selectividad","D","CÁCERES","(1990.0, 1995.0]",1,"S",0.375,0.375,5.8,1322,1626
"GRADO EN EDIFICACIÓN","2013-14","1","JUN","Selectividad","D","FUENTE DEL MAESTRE","(1990.0, 1995.0]",0,"N",0.4444444444444444,0.1111111111111111,6.204,1329,1626
"GRADO EN EDIFICACIÓN","2013-14","0","JUN","Selectividad","H","ZAFRA","(1990.0, 1995.0]",1,"N",0.2857142857142857,0.4285714285714285,5.724,1331,1626
"GRADO EN EDIFICACIÓN","2013-14","0","JUN","Selectividad","D","BERLANGA","(1990.0, 1995.0]",0,"S",0.2857142857142857,0.4285714285714285,5.976,1342,1626
"GRADO EN EDIFICACIÓN","2013-14","0","JUN","Selectividad","H","MONTERRUBIO DE LA SERENA","(1990.0, 1995.0]",0,"S",0.2222222222222222,0.3333333333333333,8.546,1346,1626
"GRADO EN EDIFICACIÓN","2013-14","0","JUN","Selectividad","D","ACEUCHAL","(1990.0, 1995.0]",0,"N",0,0.4285714285714285,5.34,1350,1626
"GRADO EN EDIFICACIÓN","2013-14","0","JUN","Selectividad","H","JEREZ DE LOS CABALLEROS","(1990.0, 1995.0]",0,"S",0.25,0.375,6.926,1353,1626
"GRADO EN EDIFICACIÓN","2013-14","0","JUN","Selectividad","D","CABEZA DEL BUEY","(1990.0, 1995.0]",0,"S",0.2222222222222222,0.3333333333333333,6.55,1357,1626
"GRADO EN EDIFICACIÓN","2013-14","1","JUN","Selectividad","H","ZALAMEA DE LA SERENA","(1990.0, 1995.0]",1,"S",0.5,0.1,6.808,1361,1626
"GRADO EN EDIFICACIÓN","2013-14","0","JUN","Formación Profesional","H","MÉRIDA","(1990.0, 1995.0]",1,"S",0.2222222222222222,0.2222222222222222,7,1362,1626
"GRADO EN EDIFICACIÓN","2013-14","1","JUN","Formación Profesional","H","CÁCERES","(1985.0, 1990.0]",1,"N",0.1666666666666666,0.6666666666666666,7.77,1365,1626
"GRADO EN EDIFICACIÓN","2013-14","1","JUN","Selectividad","H","DON BENITO","(1990.0, 1995.0]",0,"N",1,0,9.032,1366,1626
"GRADO EN EDIFICACIÓN","2013-14","0","JUN","Selectividad","H","BADAJOZ","(1985.0, 1990.0]",1,"N",0.5555555555555556,0.2222222222222222,5.73,1369,1626
"GRADO EN EDIFICACIÓN","2013-14","0","SEP","Selectividad","D","LAS PALMAS DE GRAN CANARIA","(1990.0, 1995.0]",0,"N",0.5,0.2,5.421,1373,1626
"GRADO EN EDIFICACIÓN","2013-14","1","JUN","Formación Profesional","H","GRANOLLERS","(1990.0, 1995.0]",1,"S",0.7777777777777778,0.1111111111111111,6.23,1376,1626
"GRADO EN EDIFICACIÓN","2013-14","0","JUN","Formación Profesional","H","BADAJOZ","(1990.0, 1995.0]",1,"N",0.25,0.25,5.13,1379,1626
"GRADO EN EDIFICACIÓN","2013-14","1","JUN","Selectividad","H","VILLAFRANCA DE LOS BARROS","(1990.0, 1995.0]",1,"N",0.9,0,5.468,1381,1626
"GRADO EN EDIFICACIÓN","2013-14","0","JUN","Formación Profesional","H","BADAJOZ","(1985.0, 1990.0]",1,"S",0.2,0.4,6.5,1382,1626
"GRADO EN EDIFICACIÓN","2013-14","1","JUN","Formación Profesional","H","CORIA","(1990.0, 1995.0]",1,"N",0.5,0.25,6.54,1383,1626
"GRADO EN EDIFICACIÓN","2013-14","1","JUN","Formación Profesional","H","CASATEJADA","(1990.0, 1995.0]",0,"S",0.5,0,7.77,1384,1626
"GRADO EN EDIFICACIÓN","2013-14","0","JUN","Formación Profesional","H","ZALAMEA DE LA SERENA","(1985.0, 1990.0]",1,"S",0.25,0.375,6.54,1385,1626
"GRADO EN EDIFICACIÓN","2013-14","0","JUN","Selectividad","H","DON BENITO","(1990.0, 1995.0]",0,"S",0,0.4285714285714285,7.782,1386,1626
"GRADO EN EDIFICACIÓN","2013-14","1","JUN","Selectividad","H","CÁCERES","(1990.0, 1995.0]",1,"N",0.5,0.1,8.148,1421,1626
"GRADO EN EDIFICACIÓN","2013-14","1","JUN","Selectividad","H","BADAJOZ","(1990.0, 1995.0]",1,"N",0.8,0,5.382,1429,1626
"GRADO EN EDIFICACIÓN","2013-14","1","SEP","Selectividad","H","MIRANDILLA","(1990.0, 1995.0]",1,"S",1,0,6.86,1432,1626
"GRADO EN EDIFICACIÓN","2013-14","0","JUN","Formación Profesional","H","QUINTANA DE LA SERENA","(1990.0, 1995.0]",1,"S",0.6666666666666666,0.3333333333333333,6.15,1438,1626
"GRADO EN EDIFICACIÓN","2013-14","1","SEP","Selectividad","H","OLIVA DE LA FRONTERA","(1990.0, 1995.0]",1,"S",0.6666666666666666,0.1111111111111111,6.583,1441,1626
"GRADO EN EDIFICACIÓN","2014-15","1","SEP","Formación Profesional","H","MATARÓ","(1990.0, 1995.0]",1,"N",0.2857142857142857,0.1428571428571428,5.77,1485,1626
"GRADO EN EDIFICACIÓN","2014-15","1","JUN","Formación Profesional","H","CORIA","(1990.0, 1995.0]",1,"S",0.6666666666666666,0.1111111111111111,6.82,1493,1626
"GRADO EN EDIFICACIÓN","2014-15","1","JUN","Selectividad","H","BADAJOZ","(1995.0, 2000.0]",0,"S",0.2857142857142857,0.4285714285714285,10.072,1494,1626
"GRADO EN EDIFICACIÓN","2014-15","0","JUN","Selectividad","H","MALPARTIDA DE CÁCERES","(1995.0, 2000.0]",0,"N",0.3333333333333333,0.3333333333333333,6.96,1496,1626
"GRADO EN EDIFICACIÓN","2014-15","1","JUN","Formación Profesional","H","SANTA AMALIA","(1990.0, 1995.0]",1,"N",0.3333333333333333,0.2222222222222222,5.85,1507,1626
"GRADO EN EDIFICACIÓN","2014-15","1","JUN","Selectividad","H","CORIA","(1995.0, 2000.0]",1,"S",0,0.5714285714285714,6.578,1509,1626
"GRADO EN EDIFICACIÓN","2014-15","0","JUN","Selectividad","H","VILLAFRANCA DE LOS BARROS","(1995.0, 2000.0]",0,"N",0,0.7142857142857143,8.458,1511,1626
"GRADO EN EDIFICACIÓN","2014-15","0","JUN","Selectividad","H","CÁCERES","(1995.0, 2000.0]",0,"S",0.4285714285714285,0.5714285714285714,9.522,1512,1626
"GRADO EN EDIFICACIÓN","2014-15","1","JUN","Formación Profesional","H","BADAJOZ","(1990.0, 1995.0]",1,"N",0.3,0.2,6.23,1516,1626
"GRADO EN EDIFICACIÓN","2014-15","1","SEP","Selectividad","D","MÉRIDA","(1990.0, 1995.0]",1,"N",0.5,0.25,5.526,1519,1626
"GRADO EN EDIFICACIÓN","2014-15","1","JUN","Selectividad","H","CAÑAVERAL","(1995.0, 2000.0]",1,"N",0.8,0,6.444,1531,1626
"GRADO EN EDIFICACIÓN","2014-15","0","JUN","Selectividad","D","CASAS DE DON PEDRO","(1995.0, 2000.0]",0,"S",0,0.1111111111111111,7.072,1532,1626
"GRADO EN EDIFICACIÓN","2014-15","0","JUN","Selectividad","H","CÁCERES","(1995.0, 2000.0]",0,"S",0.125,0.25,8.574,1535,1626
"GRADO EN EDIFICACIÓN","2014-15","0","JUN","Selectividad","H","MORALEJA","(1995.0, 2000.0]",0,"N",0.3333333333333333,0.6666666666666666,6.008,1547,1626
"GRADO EN EDIFICACIÓN","2014-15","0","JUN","Selectividad","D","CORIA","(1990.0, 1995.0]",1,"N",0.4,0.1,6.611,1555,1626
"GRADO EN EDIFICACIÓN","2014-15","1","JUN","Formación Profesional","H","SANTA AMALIA","(1985.0, 1990.0]",1,"S",0.5,0.375,6.46,1559,1626
"GRADO EN EDIFICACIÓN","2014-15","1","JUN","Formación Profesional","H","ACEITUNA","(1990.0, 1995.0]",1,"N",0.8888888888888888,0.1111111111111111,6.46,1560,1626
"GRADO EN EDIFICACIÓN","2014-15","1","JUN","Formación Profesional","H","PLASENCIA","(1990.0, 1995.0]",1,"N",0.625,0,5.38,1564,1626
"GRADO EN EDIFICACIÓN","2014-15","0","EXT","Selectividad","H","VILLAR DEL PEDROSO","(1995.0, 2000.0]",0,"N",0.3,0,7.806,1566,1626
"GRADO EN EDIFICACIÓN","2014-15","0","EXT","Selectividad","H","MÉRIDA","(1995.0, 2000.0]",1,"S",0.375,0.25,6.718,1569,1626
"GRADO EN EDIFICACIÓN","2014-15","1","JUN","Selectividad","H","CÁCERES","(1990.0, 1995.0]",1,"N",0.6,0.1,6.596,1570,1626
"GRADO EN EDIFICACIÓN","2014-15","1","SEP","Selectividad","H","CÁCERES","(1990.0, 1995.0]",1,"N",0.5714285714285714,0.4285714285714285,6.47,1571,1626
"GRADO EN EDIFICACIÓN","2015-16","1","JUN","Selectividad","H","CASAS DE DON PEDRO","(1995.0, 2000.0]",0,"S",0.5555555555555556,0.1111111111111111,7.974,1611,1626
"GRADO EN EDIFICACIÓN","2015-16","0","JUN","Selectividad","D","ACEUCHAL","(1995.0, 2000.0]",0,"S",0.1666666666666666,0.8333333333333334,7.978,1629,1626
"GRADO EN EDIFICACIÓN","2015-16","1","EXT","Selectividad","H","CÁCERES","(1995.0, 2000.0]",1,"N",0.6,0,5.09,1634,1626
"GRADO EN EDIFICACIÓN","2015-16","1","EXT","Selectividad","H","CÁCERES","(1995.0, 2000.0]",1,"N",0.1428571428571428,0.4285714285714285,5.206,1635,1626
"GRADO EN EDIFICACIÓN","2015-16","0","EXT","Selectividad","H","TALAYUELA","(1995.0, 2000.0]",0,"S",0.125,0.5,6.75,1636,1626
"GRADO EN EDIFICACIÓN","2015-16","1","SEP","Formación Profesional","H","MALPARTIDA DE CÁCERES","(1985.0, 1990.0]",1,"N",0.375,0.125,5.85,1638,1626
"GRADO EN EDIFICACIÓN","2016-17","0","JUN","Selectividad","D","SIERRA DE FUENTES","(1995.0, 2000.0]",0,"S",0,0.4444444444444444,8.4,1664,1626
"GRADO EN EDIFICACIÓN","2016-17","0","JUN","Selectividad","H","CÁCERES","(1995.0, 2000.0]",0,"N",0.125,0.5,9.668,1667,1626
"GRADO EN EDIFICACIÓN","2016-17","0","JUN","Selectividad","D","TALAYUELA","(1995.0, 2000.0]",0,"S",0,0.625,5.836,1675,1626
"GRADO EN EDIFICACIÓN","2016-17","0","JUN","Selectividad","D","BÉJAR","(1995.0, 2000.0]",1,"N",0,0.5714285714285714,5.691,1687,1626
"GRADO EN EDIFICACIÓN","2016-17","0","EXT","Selectividad","H","GARROVILLAS DE ALCONÉTAR","(1995.0, 2000.0]",0,"N",0.2,0.1,5.368,1691,1626
"GRADO EN EDIFICACIÓN","2016-17","0","EXT","Selectividad","D","MIAJADAS","(1995.0, 2000.0]",0,"S",0.125,0.625,7.674,1694,1626
"GRADO EN EDIFICACIÓN","2016-17","1","EXT","Selectividad","H","CÁCERES","(1990.0, 1995.0]",1,"N",0.5555555555555556,0.1111111111111111,5.152,1695,1626
"GRADO EN EDIFICACIÓN","2016-17","1","JUN","Selectividad","H","ALCONCHEL","(1995.0, 2000.0]",1,"S",0,0.3333333333333333,5.816,1699,1626
"GRADO EN INGENIERÍA INFORMÁTICA EN INGENIERÍA DE COMPUTADORES","2010-11","1","JUN","Selectividad","H","RISCO","(1990.0, 1995.0]",1,"S",1,0,7.322,8,1627
"GRADO EN INGENIERÍA INFORMÁTICA EN INGENIERÍA DE COMPUTADORES","2010-11","1","JUN","Selectividad","H","CÁCERES","(1990.0, 1995.0]",0,"S",0,1,9.456,18,1627
"GRADO EN INGENIERÍA INFORMÁTICA EN INGENIERÍA DE COMPUTADORES","2010-11","1","JUN","Selectividad","H","PUEBLA DE LA CALZADA","(1990.0, 1995.0]",1,"S",0.6,0,6.974,20,1627
"GRADO EN INGENIERÍA INFORMÁTICA EN INGENIERÍA DE COMPUTADORES","2010-11","1","JUN","Selectividad","D","QUINTANA DE LA SERENA","(1990.0, 1995.0]",1,"S",0.5,0,6.266,27,1627
"GRADO EN INGENIERÍA INFORMÁTICA EN INGENIERÍA DE COMPUTADORES","2010-11","1","JUN","Selectividad","H","CASTILBLANCO","(1990.0, 1995.0]",1,"S",0,0.7142857142857143,7.389,28,1627
"GRADO EN INGENIERÍA INFORMÁTICA EN INGENIERÍA DE COMPUTADORES","2010-11","1","SEP","Selectividad","H","NAVALMORAL DE LA MATA","(1990.0, 1995.0]",1,"N",0.4444444444444444,0.1111111111111111,5.822,33,1627
"GRADO EN INGENIERÍA INFORMÁTICA EN INGENIERÍA DE COMPUTADORES","2010-11","1","SEP","Selectividad","H","NAVALMORAL DE LA MATA","(1990.0, 1995.0]",1,"S",0.5,0,5.722,37,1627
"GRADO EN INGENIERÍA INFORMÁTICA EN INGENIERÍA DE COMPUTADORES","2010-11","1","SEP","Selectividad","H","MADRID","(1985.0, 1990.0]",1,"N",0.8,0,5.02,43,1627
"GRADO EN INGENIERÍA INFORMÁTICA EN INGENIERÍA DE COMPUTADORES","2010-11","1","JUN","Formación Profesional","H","BADAJOZ","(1985.0, 1990.0]",1,"N",0.7,0,6,50,1627
"GRADO EN INGENIERÍA INFORMÁTICA EN INGENIERÍA DE COMPUTADORES","2011-12","1","JUN","Selectividad","H","BADAJOZ","(1990.0, 1995.0]",1,"S",0.6,0,6.368,54,1627
"GRADO EN INGENIERÍA INFORMÁTICA EN INGENIERÍA DE COMPUTADORES","2011-12","1","JUN","Formación Profesional","H","MONTEHERMOSO","(1985.0, 1990.0]",1,"S",1,0,6.82,58,1627
"GRADO EN INGENIERÍA INFORMÁTICA EN INGENIERÍA DE COMPUTADORES","2011-12","1","JUN","Selectividad","H","BADAJOZ","(1990.0, 1995.0]",1,"S",0.8,0,6.16,64,1627
"GRADO EN INGENIERÍA INFORMÁTICA EN INGENIERÍA DE COMPUTADORES","2011-12","1","JUN","Selectividad","H","NAVALMORAL DE LA MATA","(1990.0, 1995.0]",1,"S",0.9,0,5.796,68,1627
"GRADO EN INGENIERÍA INFORMÁTICA EN INGENIERÍA DE COMPUTADORES","2011-12","1","JUN","Selectividad","H","BADAJOZ","(1990.0, 1995.0]",1,"S",0.3,0,6.918,69,1627
"GRADO EN INGENIERÍA INFORMÁTICA EN INGENIERÍA DE COMPUTADORES","2011-12","1","JUN","Selectividad","H","BADAJOZ","(1990.0, 1995.0]",1,"N",0.8,0.1,5.676,75,1627
"GRADO EN INGENIERÍA INFORMÁTICA EN INGENIERÍA DE COMPUTADORES","2011-12","1","JUN","Selectividad","H","TORRE DE MIGUEL SESMERO","(1990.0, 1995.0]",1,"N",0.9,0,5.968,79,1627
"GRADO EN INGENIERÍA INFORMÁTICA EN INGENIERÍA DE COMPUTADORES","2011-12","1","SEP","Selectividad","H","CÁCERES","(1990.0, 1995.0]",1,"S",0.2,0.1,5.806,89,1627
"GRADO EN INGENIERÍA INFORMÁTICA EN INGENIERÍA DE COMPUTADORES","2011-12","1","SEP","Selectividad","H","MONTÁNCHEZ","(1990.0, 1995.0]",1,"S",0.5,0.1,6.536,91,1627
"GRADO EN INGENIERÍA INFORMÁTICA EN INGENIERÍA DE COMPUTADORES","2011-12","1","SEP","Selectividad","H","CORIA","(1990.0, 1995.0]",1,"N",0.8,0.1,7.11,93,1627
"GRADO EN INGENIERÍA INFORMÁTICA EN INGENIERÍA DE COMPUTADORES","2011-12","0","SEP","Selectividad","H","CÁCERES","(1985.0, 1990.0]",1,"N",0.2,0.2,6.192,96,1627
"GRADO EN INGENIERÍA INFORMÁTICA EN INGENIERÍA DE COMPUTADORES","2011-12","1","SEP","Selectividad","H","ZAFRA","(1990.0, 1995.0]",1,"S",0.2,0,6.49,100,1627
"GRADO EN INGENIERÍA INFORMÁTICA EN INGENIERÍA DE COMPUTADORES","2011-12","1","SEP","Selectividad","H","CÁCERES","(1990.0, 1995.0]",1,"S",0.1111111111111111,0.1111111111111111,7.504,101,1627
"GRADO EN INGENIERÍA INFORMÁTICA EN INGENIERÍA DE COMPUTADORES","2011-12","1","JUN","Selectividad","H","CORIA","(1990.0, 1995.0]",1,"N",0.8571428571428571,0,5.72,104,1627
"GRADO EN INGENIERÍA INFORMÁTICA EN INGENIERÍA DE COMPUTADORES","2011-12","1","SEP","Selectividad","H","BADAJOZ","(1990.0, 1995.0]",1,"N",1,0,5.33,105,1627
"GRADO EN INGENIERÍA INFORMÁTICA EN INGENIERÍA DE COMPUTADORES","2011-12","1","SEP","Selectividad","H","PLASENCIA","(1990.0, 1995.0]",1,"N",0.9,0,5.04,106,1627
"GRADO EN INGENIERÍA INFORMÁTICA EN INGENIERÍA DE COMPUTADORES","2011-12","1","SEP","Selectividad","H","ORELLANA LA VIEJA","(1990.0, 1995.0]",1,"N",1,0,5.206,115,1627
"GRADO EN INGENIERÍA INFORMÁTICA EN INGENIERÍA DE COMPUTADORES","2011-12","1","SEP","Selectividad","H","MONTIJO","(1990.0, 1995.0]",1,"S",0.6,0,6.506,116,1627
"GRADO EN INGENIERÍA INFORMÁTICA EN INGENIERÍA DE COMPUTADORES","2011-12","1","SEP","Selectividad","H","BADAJOZ","(1990.0, 1995.0]",1,"N",0.8,0,5.154,124,1627
"GRADO EN INGENIERÍA INFORMÁTICA EN INGENIERÍA DE COMPUTADORES","2012-13","0","JUN","Selectividad","H","MADRID","(1990.0, 1995.0]",0,"S",0,0.8333333333333334,9.144,129,1627
"GRADO EN INGENIERÍA INFORMÁTICA EN INGENIERÍA DE COMPUTADORES","2012-13","1","JUN","Selectividad","H","HERGUIJUELA","(1990.0, 1995.0]",1,"S",0,0.5,8.33,133,1627
"GRADO EN INGENIERÍA INFORMÁTICA EN INGENIERÍA DE COMPUTADORES","2012-13","1","JUN","Selectividad","D","BADAJOZ","(1990.0, 1995.0]",1,"N",0,0.375,7.482,137,1627
"GRADO EN INGENIERÍA INFORMÁTICA EN INGENIERÍA DE COMPUTADORES","2012-13","0","JUN","Selectividad","H","PALENCIA","(1980.0, 1985.0]",0,"N",0.2222222222222222,0.2222222222222222,6.186,139,1627
"GRADO EN INGENIERÍA INFORMÁTICA EN INGENIERÍA DE COMPUTADORES","2012-13","1","SEP","Selectividad","H","PLASENCIA","(1985.0, 1990.0]",1,"N",0.75,0.25,5.61,141,1627
"GRADO EN INGENIERÍA INFORMÁTICA EN INGENIERÍA DE COMPUTADORES","2012-13","0","JUN","Selectividad","H","MÉRIDA","(1990.0, 1995.0]",1,"N",0,1,8.64,142,1627
"GRADO EN INGENIERÍA INFORMÁTICA EN INGENIERÍA DE COMPUTADORES","2012-13","0","JUN","Formación Profesional","H","BADAJOZ","(1990.0, 1995.0]",1,"S",0.3,0,7,145,1627
"GRADO EN INGENIERÍA INFORMÁTICA EN INGENIERÍA DE COMPUTADORES","2012-13","0","JUN","Selectividad","H","NAVALMORAL DE LA MATA","(1990.0, 1995.0]",1,"N",0.5555555555555556,0.2222222222222222,6.064,148,1627
"GRADO EN INGENIERÍA INFORMÁTICA EN INGENIERÍA DE COMPUTADORES","2012-13","0","SEP","Selectividad","H","ALISEDA","(1990.0, 1995.0]",1,"N",0,0.8,5.846,156,1627
"GRADO EN INGENIERÍA INFORMÁTICA EN INGENIERÍA DE COMPUTADORES","2012-13","0","JUN","Selectividad","D","BADAJOZ","(1990.0, 1995.0]",0,"S",0,0.8333333333333334,9.494,157,1627
"GRADO EN INGENIERÍA INFORMÁTICA EN INGENIERÍA DE COMPUTADORES","2012-13","1","JUN","Formación Profesional","H","PLASENCIA","(1985.0, 1990.0]",1,"S",0.5714285714285714,0.1428571428571428,8.15,159,1627
"GRADO EN INGENIERÍA INFORMÁTICA EN INGENIERÍA DE COMPUTADORES","2012-13","1","JUN","Selectividad","H","CASAS DE DON PEDRO","(1990.0, 1995.0]",1,"S",0,0.8333333333333334,7.904,162,1627
"GRADO EN INGENIERÍA INFORMÁTICA EN INGENIERÍA DE COMPUTADORES","2012-13","1","JUN","Selectividad","H","CALERA Y CHOZAS","(1990.0, 1995.0]",1,"S",0.5,0,7.185,163,1627
"GRADO EN INGENIERÍA INFORMÁTICA EN INGENIERÍA DE COMPUTADORES","2012-13","1","JUN","Selectividad","H","CÁCERES","(1990.0, 1995.0]",1,"S",0.1,0.1,6.454,165,1627
"GRADO EN INGENIERÍA INFORMÁTICA EN INGENIERÍA DE COMPUTADORES","2012-13","1","JUN","Formación Profesional","H","DON BENITO","(1985.0, 1990.0]",1,"S",0.625,0,8.08,166,1627
"GRADO EN INGENIERÍA INFORMÁTICA EN INGENIERÍA DE COMPUTADORES","2012-13","1","JUN","Formación Profesional","H","ZARZA DE ALANGE","(1990.0, 1995.0]",1,"S",0.1111111111111111,0.1111111111111111,6.62,167,1627
"GRADO EN INGENIERÍA INFORMÁTICA EN INGENIERÍA DE COMPUTADORES","2012-13","1","JUN","Formación Profesional","H","VILLAR DE RENA","(1985.0, 1990.0]",1,"S",0.625,0,6.23,168,1627
"GRADO EN INGENIERÍA INFORMÁTICA EN INGENIERÍA DE COMPUTADORES","2012-13","0","JUN","Selectividad","H","DON BENITO","(1990.0, 1995.0]",1,"S",0,1,8.314,172,1627
"GRADO EN INGENIERÍA INFORMÁTICA EN INGENIERÍA DE COMPUTADORES","2012-13","1","JUN","Selectividad","H","MÉRIDA","(1990.0, 1995.0]",1,"S",0.5,0,5.676,176,1627
"GRADO EN INGENIERÍA INFORMÁTICA EN INGENIERÍA DE COMPUTADORES","2012-13","1","JUN","Selectividad","H","MÉRIDA","(1990.0, 1995.0]",1,"S",0.3333333333333333,0.2222222222222222,6.178,177,1627
"GRADO EN INGENIERÍA INFORMÁTICA EN INGENIERÍA DE COMPUTADORES","2012-13","1","JUN","Selectividad","H","MÉRIDA","(1990.0, 1995.0]",1,"N",0.2,0.1,5.96,182,1627
"GRADO EN INGENIERÍA INFORMÁTICA EN INGENIERÍA DE COMPUTADORES","2012-13","0","JUN","Selectividad","H","GUADALUPE","(1990.0, 1995.0]",0,"S",0,0.8333333333333334,7.778,184,1627
"GRADO EN INGENIERÍA INFORMÁTICA EN INGENIERÍA DE COMPUTADORES","2012-13","1","JUN","Selectividad","H","MADRID","(1990.0, 1995.0]",1,"S",0.375,0.25,5.872,185,1627
"GRADO EN INGENIERÍA INFORMÁTICA EN INGENIERÍA DE COMPUTADORES","2012-13","0","JUN","Selectividad","H","ALCUÉSCAR","(1990.0, 1995.0]",1,"N",0.1,0.2,5.465,187,1627
"GRADO EN INGENIERÍA INFORMÁTICA EN INGENIERÍA DE COMPUTADORES","2012-13","0","JUN","Selectividad","H","BARCARROTA","(1990.0, 1995.0]",0,"N",0.25,0.25,9.078,188,1627
"GRADO EN INGENIERÍA INFORMÁTICA EN INGENIERÍA DE COMPUTADORES","2012-13","1","JUN","Selectividad","H","BADAJOZ","(1990.0, 1995.0]",1,"S",1,0,6.068,190,1627
"GRADO EN INGENIERÍA INFORMÁTICA EN INGENIERÍA DE COMPUTADORES","2012-13","0","JUN","Selectividad","H","VALENCIA DE ALCÁNTARA","(1990.0, 1995.0]",1,"N",0.7,0.1,5.318,192,1627
"GRADO EN INGENIERÍA INFORMÁTICA EN INGENIERÍA DE COMPUTADORES","2012-13","1","JUN","Selectividad","D","CÁCERES","(1990.0, 1995.0]",1,"N",0.2222222222222222,0.2222222222222222,7.046,193,1627
"GRADO EN INGENIERÍA INFORMÁTICA EN INGENIERÍA DE COMPUTADORES","2012-13","1","JUN","Selectividad","H","CÁCERES","(1990.0, 1995.0]",1,"S",0.2222222222222222,0.3333333333333333,7.278,194,1627
"GRADO EN INGENIERÍA INFORMÁTICA EN INGENIERÍA DE COMPUTADORES","2012-13","1","JUN","Formación Profesional","H","BADAJOZ","(1985.0, 1990.0]",1,"S",0.3,0,6.14,195,1627
"GRADO EN INGENIERÍA INFORMÁTICA EN INGENIERÍA DE COMPUTADORES","2012-13","1","JUN","Formación Profesional","H","TALAVERA DE LA REINA","(1990.0, 1995.0]",1,"S",1,0,8.15,196,1627
"GRADO EN INGENIERÍA INFORMÁTICA EN INGENIERÍA DE COMPUTADORES","2012-13","1","JUN","Formación Profesional","H","NAVALMORAL DE LA MATA","(1990.0, 1995.0]",1,"S",1,0,6.85,198,1627
"GRADO EN INGENIERÍA INFORMÁTICA EN INGENIERÍA DE COMPUTADORES","2012-13","1","JUN","Selectividad","H","NAVALMORAL DE LA MATA","(1985.0, 1990.0]",1,"N",0.9,0,5.53,200,1627
"GRADO EN INGENIERÍA INFORMÁTICA EN INGENIERÍA DE COMPUTADORES","2012-13","1","JUN","Selectividad","D","MÉRIDA","(1990.0, 1995.0]",1,"N",0.25,0.0833333333333333,6.704,204,1627
"GRADO EN INGENIERÍA INFORMÁTICA EN INGENIERÍA DE COMPUTADORES","2012-13","1","JUN","Selectividad","H","GUAREÑA","(1990.0, 1995.0]",1,"S",0.3,0,6.794,207,1627
"GRADO EN INGENIERÍA INFORMÁTICA EN INGENIERÍA DE COMPUTADORES","2012-13","1","JUN","Selectividad","H","ACEUCHAL","(1990.0, 1995.0]",1,"N",0.9,0,5.232,211,1627
"GRADO EN INGENIERÍA INFORMÁTICA EN INGENIERÍA DE COMPUTADORES","2012-13","1","JUN","Selectividad","H","DON BENITO","(1990.0, 1995.0]",1,"N",1,0,5.124,212,1627
"GRADO EN INGENIERÍA INFORMÁTICA EN INGENIERÍA DE COMPUTADORES","2012-13","1","SEP","Selectividad","H","CÁCERES","(1990.0, 1995.0]",1,"N",0.5,0,6.582,215,1627
"GRADO EN INGENIERÍA INFORMÁTICA EN INGENIERÍA DE COMPUTADORES","2012-13","1","JUN","Selectividad","H","CÁCERES","(1985.0, 1990.0]",1,"N",0.7,0,5,218,1627
"GRADO EN INGENIERÍA INFORMÁTICA EN INGENIERÍA DE COMPUTADORES","2012-13","1","JUN","Selectividad","H","CÁCERES","(1990.0, 1995.0]",0,"N",0,0.8333333333333334,11.01,220,1627
"GRADO EN INGENIERÍA INFORMÁTICA EN INGENIERÍA DE COMPUTADORES","2012-13","0","SEP","Selectividad","H","MONESTERIO","(1990.0, 1995.0]",0,"S",0,0.8333333333333334,9.306,222,1627
"GRADO EN INGENIERÍA INFORMÁTICA EN INGENIERÍA DE COMPUTADORES","2012-13","1","SEP","Selectividad","H","CÁCERES","(1990.0, 1995.0]",1,"N",0.4,0.1,6.498,223,1627
"GRADO EN INGENIERÍA INFORMÁTICA EN INGENIERÍA DE COMPUTADORES","2012-13","0","SEP","Selectividad","H","MÉRIDA","(1990.0, 1995.0]",1,"N",0.2,0.1,7.982,224,1627
"GRADO EN INGENIERÍA INFORMÁTICA EN INGENIERÍA DE COMPUTADORES","2012-13","1","JUN","Selectividad","H","CÁCERES","(1990.0, 1995.0]",1,"N",0.875,0,5.3,225,1627
"GRADO EN INGENIERÍA INFORMÁTICA EN INGENIERÍA DE COMPUTADORES","2012-13","1","SEP","Selectividad","H","CÁCERES","(1990.0, 1995.0]",1,"N",0.6,0,6.45,226,1627
"GRADO EN INGENIERÍA INFORMÁTICA EN INGENIERÍA DE COMPUTADORES","2012-13","1","SEP","Selectividad","H","BADAJOZ","(1990.0, 1995.0]",1,"S",0.3,0,6.54,229,1627
"GRADO EN INGENIERÍA INFORMÁTICA EN INGENIERÍA DE COMPUTADORES","2012-13","1","JUN","Selectividad","H","BADAJOZ","(1990.0, 1995.0]",1,"S",0.5,0,5.96,230,1627
"GRADO EN INGENIERÍA INFORMÁTICA EN INGENIERÍA DE COMPUTADORES","2012-13","1","SEP","Selectividad","H","CÁCERES","(1990.0, 1995.0]",1,"N",0.3,0.1,6.384,234,1627
"GRADO EN INGENIERÍA INFORMÁTICA EN INGENIERÍA DE COMPUTADORES","2012-13","1","SEP","Selectividad","H","BADAJOZ","(1990.0, 1995.0]",1,"N",0.2222222222222222,0.1111111111111111,7.808,235,1627
"GRADO EN INGENIERÍA INFORMÁTICA EN INGENIERÍA DE COMPUTADORES","2012-13","1","SEP","Selectividad","H","VILLANUEVA DE LA SERENA","(1990.0, 1995.0]",1,"N",0.6,0,5.032,236,1627
"GRADO EN INGENIERÍA INFORMÁTICA EN INGENIERÍA DE COMPUTADORES","2012-13","1","SEP","Selectividad","H","VILLANUEVA DE LA SERENA","(1990.0, 1995.0]",1,"N",0.4,0,5.018,238,1627
"GRADO EN INGENIERÍA INFORMÁTICA EN INGENIERÍA DE COMPUTADORES","2012-13","1","JUN","Selectividad","H","BADAJOZ","(1985.0, 1990.0]",1,"N",0.4444444444444444,0.2222222222222222,6.24,240,1627
"GRADO EN INGENIERÍA INFORMÁTICA EN INGENIERÍA DE COMPUTADORES","2012-13","0","SEP","Selectividad","H","DON BENITO","(1990.0, 1995.0]",1,"S",0.2222222222222222,0.1111111111111111,6.324,241,1627
"GRADO EN INGENIERÍA INFORMÁTICA EN INGENIERÍA DE COMPUTADORES","2012-13","1","JUN","Selectividad","H","VILLAR DEL REY","(1990.0, 1995.0]",1,"N",1,0,6.978,248,1627
"GRADO EN INGENIERÍA INFORMÁTICA EN INGENIERÍA DE COMPUTADORES","2012-13","0","JUN","Selectividad","H","LOS SANTOS DE MAIMONA","(1985.0, 1990.0]",1,"N",0.1666666666666666,0.5,5.91,249,1627
"GRADO EN INGENIERÍA INFORMÁTICA EN INGENIERÍA DE COMPUTADORES","2012-13","1","JUN","Selectividad","H","CORIA","(1990.0, 1995.0]",1,"N",0.6,0,5.25,250,1627
"GRADO EN INGENIERÍA INFORMÁTICA EN INGENIERÍA DE COMPUTADORES","2012-13","1","SEP","Selectividad","H","BADAJOZ","(1985.0, 1990.0]",1,"N",0.875,0,6.43,252,1627
"GRADO EN INGENIERÍA INFORMÁTICA EN INGENIERÍA DE COMPUTADORES","2012-13","1","JUN","Selectividad","H","CÁCERES","(1990.0, 1995.0]",1,"N",0.9,0,5.758,254,1627
"GRADO EN INGENIERÍA INFORMÁTICA EN INGENIERÍA DE COMPUTADORES","2012-13","0","JUN","Selectividad","H","LOS SANTOS DE MAIMONA","(1990.0, 1995.0]",1,"N",0.2727272727272727,0.2727272727272727,6.814,255,1627
"GRADO EN INGENIERÍA INFORMÁTICA EN INGENIERÍA DE COMPUTADORES","2012-13","0","JUN","Selectividad","H","NAVALMORAL DE LA MATA","(1990.0, 1995.0]",1,"S",0.125,0.5,7.31,256,1627
"GRADO EN INGENIERÍA INFORMÁTICA EN INGENIERÍA DE COMPUTADORES","2012-13","1","SEP","Selectividad","H","BADAJOZ","(1990.0, 1995.0]",1,"N",0.9,0,6.236,259,1627
"GRADO EN INGENIERÍA INFORMÁTICA EN INGENIERÍA DE COMPUTADORES","2012-13","1","SEP","Selectividad","D","BADAJOZ","(1990.0, 1995.0]",1,"S",0.5,0,5.974,261,1627
"GRADO EN INGENIERÍA INFORMÁTICA EN INGENIERÍA DE COMPUTADORES","2012-13","1","SEP","Selectividad","H","SALAMANCA","(1990.0, 1995.0]",1,"N",1,0,6.058,262,1627
"GRADO EN INGENIERÍA INFORMÁTICA EN INGENIERÍA DE COMPUTADORES","2012-13","1","JUN","Selectividad","H","ZARZA DE GRANADILLA","(1990.0, 1995.0]",1,"N",0.875,0,5.431,263,1627
"GRADO EN INGENIERÍA INFORMÁTICA EN INGENIERÍA DE COMPUTADORES","2012-13","1","SEP","Selectividad","H","BIENVENIDA","(1990.0, 1995.0]",1,"S",1,0,6.206,264,1627
"GRADO EN INGENIERÍA INFORMÁTICA EN INGENIERÍA DE COMPUTADORES","2012-13","1","SEP","Selectividad","H","CÁCERES","(1990.0, 1995.0]",1,"S",0.8,0,6.182,268,1627
"GRADO EN INGENIERÍA INFORMÁTICA EN INGENIERÍA DE COMPUTADORES","2012-13","1","SEP","Selectividad","H","CÁCERES","(1990.0, 1995.0]",1,"N",0.8,0,5.701,269,1627
"GRADO EN INGENIERÍA INFORMÁTICA EN INGENIERÍA DE COMPUTADORES","2012-13","0","SEP","Selectividad","H","CÁCERES","(1990.0, 1995.0]",1,"S",0.2222222222222222,0.3333333333333333,5.736,271,1627
"GRADO EN INGENIERÍA INFORMÁTICA EN INGENIERÍA DE COMPUTADORES","2012-13","1","SEP","Selectividad","H","CÁCERES","(1990.0, 1995.0]",1,"N",0.4,0.1,5.422,272,1627
"GRADO EN INGENIERÍA INFORMÁTICA EN INGENIERÍA DE COMPUTADORES","2012-13","1","SEP","Selectividad","H","CALERA Y CHOZAS","(1990.0, 1995.0]",1,"N",0.3,0.2,5.257,273,1627
"GRADO EN INGENIERÍA INFORMÁTICA EN INGENIERÍA DE COMPUTADORES","2012-13","0","JUN","Selectividad","H","CABEZA DEL BUEY","(1985.0, 1990.0]",0,"N",0,1,7.98,274,1627
"GRADO EN INGENIERÍA INFORMÁTICA EN INGENIERÍA DE COMPUTADORES","2012-13","1","SEP","Selectividad","D","CÁCERES","(1990.0, 1995.0]",1,"N",1,0,5.464,275,1627
"GRADO EN INGENIERÍA INFORMÁTICA EN INGENIERÍA DE COMPUTADORES","2012-13","1","JUN","Selectividad","H","PLASENCIA","(1985.0, 1990.0]",1,"N",0.75,0,5.77,276,1627
"GRADO EN INGENIERÍA INFORMÁTICA EN INGENIERÍA DE COMPUTADORES","2012-13","1","SEP","Selectividad","H","VILLANUEVA DE LA SERENA","(1985.0, 1990.0]",1,"N",1,0,5.19,277,1627
"GRADO EN INGENIERÍA INFORMÁTICA EN INGENIERÍA DE COMPUTADORES","2013-14","1","SEP","Selectividad","H","BARCELONA","(1990.0, 1995.0]",1,"N",0.5,0.1,5.378,279,1627
"GRADO EN INGENIERÍA INFORMÁTICA EN INGENIERÍA DE COMPUTADORES","2013-14","0","JUN","Selectividad","D","MADRID","(1990.0, 1995.0]",1,"S",0.3333333333333333,0.0833333333333333,5.6,286,1627
"GRADO EN INGENIERÍA INFORMÁTICA EN INGENIERÍA DE COMPUTADORES","2013-14","0","JUN","Selectividad","H","GUAREÑA","(1990.0, 1995.0]",1,"S",0.1111111111111111,0.4444444444444444,7.514,288,1627
"GRADO EN INGENIERÍA INFORMÁTICA EN INGENIERÍA DE COMPUTADORES","2013-14","1","JUN","Selectividad","H","CÁCERES","(1990.0, 1995.0]",1,"S",0,0.8333333333333334,8.296,292,1627
"GRADO EN INGENIERÍA INFORMÁTICA EN INGENIERÍA DE COMPUTADORES","2013-14","1","SEP","Selectividad","H","BADAJOZ","(1985.0, 1990.0]",1,"N",0.9,0,5.51,293,1627
"GRADO EN INGENIERÍA INFORMÁTICA EN INGENIERÍA DE COMPUTADORES","2013-14","1","JUN","Selectividad","H","CÁCERES","(1990.0, 1995.0]",1,"S",0.7,0,5.604,294,1627
"GRADO EN INGENIERÍA INFORMÁTICA EN INGENIERÍA DE COMPUTADORES","2013-14","1","JUN","Selectividad","H","BADAJOZ","(1990.0, 1995.0]",1,"S",0.4444444444444444,0.1111111111111111,7.078,299,1627
"GRADO EN INGENIERÍA INFORMÁTICA EN INGENIERÍA DE COMPUTADORES","2013-14","1","JUN","Selectividad","H","BADAJOZ","(1990.0, 1995.0]",1,"S",0.6,0,6.304,304,1627
"GRADO EN INGENIERÍA INFORMÁTICA EN INGENIERÍA DE COMPUTADORES","2013-14","0","JUN","Selectividad","H","CILLEROS","(1990.0, 1995.0]",0,"N",0,1,10.24,305,1627
"GRADO EN INGENIERÍA INFORMÁTICA EN INGENIERÍA DE COMPUTADORES","2013-14","1","JUN","Selectividad","H","HORNACHOS","(1990.0, 1995.0]",1,"N",0,0.5714285714285714,8.326,307,1627
"GRADO EN INGENIERÍA INFORMÁTICA EN INGENIERÍA DE COMPUTADORES","2013-14","1","JUN","Selectividad","H","BADAJOZ","(1990.0, 1995.0]",1,"S",0,0.6666666666666666,7.642,310,1627
"GRADO EN INGENIERÍA INFORMÁTICA EN INGENIERÍA DE COMPUTADORES","2013-14","0","JUN","Selectividad","H","HORNACHOS","(1990.0, 1995.0]",1,"S",0.1428571428571428,0.4285714285714285,6.998,311,1627
"GRADO EN INGENIERÍA INFORMÁTICA EN INGENIERÍA DE COMPUTADORES","2013-14","1","JUN","Formación Profesional","H","MADRID","(1980.0, 1985.0]",1,"N",0.5,0.3333333333333333,8.18,314,1627
"GRADO EN INGENIERÍA INFORMÁTICA EN INGENIERÍA DE COMPUTADORES","2013-14","0","JUN","Selectividad","H","MONTIJO","(1990.0, 1995.0]",0,"S",0,0.8333333333333334,9.609,318,1627
"GRADO EN INGENIERÍA INFORMÁTICA EN INGENIERÍA DE COMPUTADORES","2013-14","0","JUN","Selectividad","H","ROBLEDILLO DE LA VERA","(1990.0, 1995.0]",1,"N",0.2,0.6,6.994,327,1627
"GRADO EN INGENIERÍA INFORMÁTICA EN INGENIERÍA DE COMPUTADORES","2013-14","1","JUN","Selectividad","H","MÉRIDA","(1990.0, 1995.0]",1,"S",0.5555555555555556,0.1111111111111111,7.161,332,1627
"GRADO EN INGENIERÍA INFORMÁTICA EN INGENIERÍA DE COMPUTADORES","2013-14","0","JUN","Formación Profesional","H","MÉRIDA","(1985.0, 1990.0]",1,"N",0.2222222222222222,0.2222222222222222,6.31,334,1627
"GRADO EN INGENIERÍA INFORMÁTICA EN INGENIERÍA DE COMPUTADORES","2013-14","1","JUN","Formación Profesional","H","BADAJOZ","(1985.0, 1990.0]",1,"S",0.3333333333333333,0.1666666666666666,6.54,340,1627
"GRADO EN INGENIERÍA INFORMÁTICA EN INGENIERÍA DE COMPUTADORES","2013-14","1","SEP","Formación Profesional","H","MÉRIDA","(1990.0, 1995.0]",1,"S",0.2222222222222222,0.3333333333333333,6.08,341,1627
"GRADO EN INGENIERÍA INFORMÁTICA EN INGENIERÍA DE COMPUTADORES","2013-14","1","JUN","Selectividad","D","BADAJOZ","(1990.0, 1995.0]",1,"N",0.8,0.1,5.986,349,1627
"GRADO EN INGENIERÍA INFORMÁTICA EN INGENIERÍA DE COMPUTADORES","2013-14","0","SEP","Formación Profesional","H","CÁCERES","(1980.0, 1985.0]",1,"S",0.3333333333333333,0.2222222222222222,5.6,350,1627
"GRADO EN INGENIERÍA INFORMÁTICA EN INGENIERÍA DE COMPUTADORES","2013-14","1","SEP","Selectividad","H","CÁCERES","(1990.0, 1995.0]",1,"S",0.5,0,6.092,358,1627
"GRADO EN INGENIERÍA INFORMÁTICA EN INGENIERÍA DE COMPUTADORES","2013-14","1","SEP","Selectividad","H","PLASENCIA","(1990.0, 1995.0]",1,"N",0.4,0,5.404,359,1627
"GRADO EN INGENIERÍA INFORMÁTICA EN INGENIERÍA DE COMPUTADORES","2013-14","1","SEP","Selectividad","H","PLASENCIA","(1990.0, 1995.0]",1,"N",0.4,0,6.508,363,1627
"GRADO EN INGENIERÍA INFORMÁTICA EN INGENIERÍA DE COMPUTADORES","2013-14","1","SEP","Selectividad","H","BARCARROTA","(1990.0, 1995.0]",1,"S",0.1111111111111111,0.2222222222222222,7.766,368,1627
"GRADO EN INGENIERÍA INFORMÁTICA EN INGENIERÍA DE COMPUTADORES","2013-14","1","SEP","Selectividad","H","CÁCERES","(1990.0, 1995.0]",1,"N",0.5,0.25,9.032,371,1627
"GRADO EN INGENIERÍA INFORMÁTICA EN INGENIERÍA DE COMPUTADORES","2013-14","1","SEP","Selectividad","D","ALICANTE/ALACANT","(1990.0, 1995.0]",1,"N",0.6,0,5.814,375,1627
"GRADO EN INGENIERÍA INFORMÁTICA EN INGENIERÍA DE COMPUTADORES","2013-14","1","SEP","Selectividad","H","CAMPANARIO","(1990.0, 1995.0]",1,"S",0.6,0,7.64,379,1627
"GRADO EN INGENIERÍA INFORMÁTICA EN INGENIERÍA DE COMPUTADORES","2013-14","1","SEP","Selectividad","H","CÁCERES","(1990.0, 1995.0]",1,"N",0.9,0,5.726,380,1627
"GRADO EN INGENIERÍA INFORMÁTICA EN INGENIERÍA DE COMPUTADORES","2013-14","1","JUN","Selectividad","H","CÁCERES","(1990.0, 1995.0]",1,"N",0.3,0,6.892,381,1627
"GRADO EN INGENIERÍA INFORMÁTICA EN INGENIERÍA DE COMPUTADORES","2013-14","0","SEP","Selectividad","H","VILLANUEVA DE LA SERENA","(1990.0, 1995.0]",1,"N",0.25,0.25,5.992,385,1627
"GRADO EN INGENIERÍA INFORMÁTICA EN INGENIERÍA DE COMPUTADORES","2013-14","0","SEP","Selectividad","D","ALICANTE/ALACANT","(1990.0, 1995.0]",1,"N",0.2,0.1,5.742,386,1627
"GRADO EN INGENIERÍA INFORMÁTICA EN INGENIERÍA DE COMPUTADORES","2013-14","1","SEP","Selectividad","H","ALCÁNTARA","(1990.0, 1995.0]",1,"S",0.6,0,5.8,387,1627
"GRADO EN INGENIERÍA INFORMÁTICA EN INGENIERÍA DE COMPUTADORES","2013-14","1","SEP","Selectividad","H","BADAJOZ","(1990.0, 1995.0]",1,"S",0.3,0,5.918,388,1627
"GRADO EN INGENIERÍA INFORMÁTICA EN INGENIERÍA DE COMPUTADORES","2013-14","1","SEP","Selectividad","D","ZALAMEA DE LA SERENA","(1990.0, 1995.0]",1,"N",0.5,0.2,8.104,390,1627
"GRADO EN INGENIERÍA INFORMÁTICA EN INGENIERÍA DE COMPUTADORES","2013-14","0","SEP","Selectividad","H","ORELLANA LA VIEJA","(1990.0, 1995.0]",1,"S",0.5555555555555556,0.2222222222222222,5.846,391,1627
"GRADO EN INGENIERÍA INFORMÁTICA EN INGENIERÍA DE COMPUTADORES","2013-14","1","SEP","Selectividad","H","CORIA","(1990.0, 1995.0]",1,"N",0.9,0,5.386,394,1627
"GRADO EN INGENIERÍA INFORMÁTICA EN INGENIERÍA DE COMPUTADORES","2013-14","1","SEP","Selectividad","H","CÁCERES","(1990.0, 1995.0]",1,"S",0.3,0.2,5.992,396,1627
"GRADO EN INGENIERÍA INFORMÁTICA EN INGENIERÍA DE COMPUTADORES","2013-14","1","SEP","Selectividad","H","PALMA DE MALLORCA","(1990.0, 1995.0]",1,"N",0.2222222222222222,0.1111111111111111,7.552,400,1627
"GRADO EN INGENIERÍA INFORMÁTICA EN INGENIERÍA DE COMPUTADORES","2013-14","1","SEP","Selectividad","D","CORIA","(1990.0, 1995.0]",1,"S",0.5,0.25,6.45,401,1627
