"des_plan","anio_apertura_expediente","abandona","convocatoria_acceso","des_acceso","sexo","municipio","anio_nacimiento_interval","1st_model","scholarship","cum_absent_ratio","cum_pass_ratio","nota_admision_def"
"GRADO EN INGENIERÍA CIVIL - CONSTRUCCIONES CIVILES","2009-10","0","JUN","Selectividad","H","CÁCERES","(1990.0, 1995.0]",0,"N",0.125,0.25,7.16
"GRADO EN INGENIERÍA CIVIL - CONSTRUCCIONES CIVILES","2009-10","1","JUN","Selectividad","D","BADAJOZ","(1990.0, 1995.0]",0,"N",0.2222222222222222,0.3333333333333333,6.73
"GRADO EN INGENIERÍA CIVIL - CONSTRUCCIONES CIVILES","2009-10","1","JUN","Formación Profesional","H","MÉRIDA","(1985.0, 1990.0]",0,"N",0.4285714285714285,0.5714285714285714,8.1
"GRADO EN INGENIERÍA CIVIL - CONSTRUCCIONES CIVILES","2009-10","0","JUN","Selectividad","D","CORIA","(1990.0, 1995.0]",0,"N",0.1428571428571428,0.5714285714285714,7.17
"GRADO EN INGENIERÍA CIVIL - CONSTRUCCIONES CIVILES","2009-10","0","JUN","Selectividad","D","ALMOHARÍN","(1990.0, 1995.0]",0,"S",0.2222222222222222,0.1111111111111111,7.64
"GRADO EN INGENIERÍA CIVIL - CONSTRUCCIONES CIVILES","2009-10","0","JUN","Selectividad","H","BADAJOZ","(1990.0, 1995.0]",0,"N",0,0.7142857142857143,6.95
"GRADO EN INGENIERÍA CIVIL - CONSTRUCCIONES CIVILES","2009-10","0","JUN","Selectividad","H","CÁCERES","(1990.0, 1995.0]",0,"S",0.2857142857142857,0.5714285714285714,7.65
"GRADO EN INGENIERÍA CIVIL - CONSTRUCCIONES CIVILES","2009-10","1","JUN","Formación Profesional","H","CASARICHE","(1985.0, 1990.0]",0,"S",0.375,0.375,6.44
"GRADO EN INGENIERÍA CIVIL - CONSTRUCCIONES CIVILES","2009-10","0","JUN","Selectividad","H","MÉRIDA","(1990.0, 1995.0]",0,"N",0.1666666666666666,0.6666666666666666,7.22
"GRADO EN INGENIERÍA CIVIL - CONSTRUCCIONES CIVILES","2009-10","1","JUN","Selectividad","H","MÉRIDA","(1990.0, 1995.0]",0,"S",0.375,0.25,8.23
"GRADO EN INGENIERÍA CIVIL - CONSTRUCCIONES CIVILES","2009-10","0","JUN","Selectividad","H","CÁCERES","(1990.0, 1995.0]",0,"N",0,1,7.67
"GRADO EN INGENIERÍA CIVIL - CONSTRUCCIONES CIVILES","2009-10","0","JUN","Selectividad","D","CASAR DE CÁCERES","(1990.0, 1995.0]",0,"S",0.125,0.25,7.23
"GRADO EN INGENIERÍA CIVIL - CONSTRUCCIONES CIVILES","2009-10","0","JUN","Formación Profesional","D","VALLE DE LA SERENA","(1985.0, 1990.0]",0,"S",0.1428571428571428,0.5714285714285714,6.63
"GRADO EN INGENIERÍA CIVIL - CONSTRUCCIONES CIVILES","2009-10","0","JUN","Selectividad","D","CÁCERES","(1990.0, 1995.0]",0,"N",0.125,0.25,7.02
"GRADO EN INGENIERÍA CIVIL - CONSTRUCCIONES CIVILES","2009-10","0","JUN","Selectividad","H","MÉRIDA","(1990.0, 1995.0]",0,"N",0,0.8333333333333334,7.51
"GRADO EN INGENIERÍA CIVIL - CONSTRUCCIONES CIVILES","2009-10","0","JUN","Selectividad","H","GARLITOS","(1990.0, 1995.0]",0,"S",0,1,9.12
"GRADO EN INGENIERÍA CIVIL - CONSTRUCCIONES CIVILES","2009-10","0","JUN","Selectividad","H","SEVILLA","(1990.0, 1995.0]",0,"N",0.25,0.375,7.48
"GRADO EN INGENIERÍA CIVIL - CONSTRUCCIONES CIVILES","2009-10","0","JUN","Formación Profesional","H","CACABELOS","(1985.0, 1990.0]",0,"S",0.5555555555555556,0.2222222222222222,5.9
"GRADO EN INGENIERÍA CIVIL - CONSTRUCCIONES CIVILES","2009-10","0","JUN","Selectividad","H","CÁCERES","(1990.0, 1995.0]",0,"S",0.2857142857142857,0.4285714285714285,6.17
"GRADO EN INGENIERÍA CIVIL - CONSTRUCCIONES CIVILES","2009-10","0","JUN","Selectividad","H","QUINTANA DE LA SERENA","(1990.0, 1995.0]",0,"S",0.3333333333333333,0.6666666666666666,6.17
"GRADO EN INGENIERÍA CIVIL - CONSTRUCCIONES CIVILES","2009-10","0","JUN","Selectividad","H","CÁCERES","(1990.0, 1995.0]",0,"S",0.2857142857142857,0.5714285714285714,6.33
"GRADO EN INGENIERÍA CIVIL - CONSTRUCCIONES CIVILES","2009-10","1","JUN","Selectividad","H","CÁCERES","(1985.0, 1990.0]",1,"S",0.5,0.25,6.11
"GRADO EN INGENIERÍA CIVIL - CONSTRUCCIONES CIVILES","2009-10","1","JUN","Selectividad","H","CÁCERES","(1990.0, 1995.0]",0,"N",0.2857142857142857,0.4285714285714285,6.41
"GRADO EN INGENIERÍA CIVIL - CONSTRUCCIONES CIVILES","2009-10","1","JUN","Selectividad","H","PLASENCIA","(1990.0, 1995.0]",0,"N",0.25,0.25,6.23
"GRADO EN INGENIERÍA CIVIL - CONSTRUCCIONES CIVILES","2009-10","0","JUN","Selectividad","D","BADAJOZ","(1990.0, 1995.0]",0,"S",0,0.5,6.21
"GRADO EN INGENIERÍA CIVIL - CONSTRUCCIONES CIVILES","2009-10","0","JUN","Selectividad","H","CÁCERES","(1985.0, 1990.0]",1,"N",0.3333333333333333,0.2222222222222222,5.1
"GRADO EN INGENIERÍA CIVIL - CONSTRUCCIONES CIVILES","2010-11","0","JUN","Selectividad","H","RONDA","(1990.0, 1995.0]",0,"N",0.2857142857142857,0.5714285714285714,7.3
"GRADO EN INGENIERÍA CIVIL - CONSTRUCCIONES CIVILES","2010-11","0","JUN","Selectividad","D","CÁCERES","(1990.0, 1995.0]",0,"N",0.4285714285714285,0.5714285714285714,6.842
"GRADO EN INGENIERÍA CIVIL - CONSTRUCCIONES CIVILES","2010-11","0","JUN","Selectividad","H","PUEBLA DE LA CALZADA","(1990.0, 1995.0]",0,"S",0,0.5,6.586
"GRADO EN INGENIERÍA CIVIL - CONSTRUCCIONES CIVILES","2010-11","0","JUN","Selectividad","H","CÁCERES","(1990.0, 1995.0]",0,"N",0,1,7.918
"GRADO EN INGENIERÍA CIVIL - CONSTRUCCIONES CIVILES","2010-11","0","JUN","Selectividad","H","CÁCERES","(1990.0, 1995.0]",0,"S",0.2857142857142857,0.4285714285714285,7.136
"GRADO EN INGENIERÍA CIVIL - CONSTRUCCIONES CIVILES","2010-11","0","JUN","Selectividad","H","AZUAGA","(1990.0, 1995.0]",0,"S",0.3333333333333333,0.6666666666666666,7.044
"GRADO EN INGENIERÍA CIVIL - CONSTRUCCIONES CIVILES","2010-11","0","JUN","Selectividad","H","CÁCERES","(1990.0, 1995.0]",0,"N",0,0.7142857142857143,8.322
"GRADO EN INGENIERÍA CIVIL - CONSTRUCCIONES CIVILES","2010-11","0","JUN","Selectividad","H","LOS SANTOS DE MAIMONA","(1990.0, 1995.0]",0,"N",0.3333333333333333,0.3333333333333333,6.172
"GRADO EN INGENIERÍA CIVIL - CONSTRUCCIONES CIVILES","2010-11","0","JUN","Selectividad","H","FUENTE DEL MAESTRE","(1990.0, 1995.0]",0,"S",0.125,0.5,7.676
"GRADO EN INGENIERÍA CIVIL - CONSTRUCCIONES CIVILES","2010-11","0","JUN","Selectividad","H","FUENTE DEL MAESTRE","(1990.0, 1995.0]",0,"S",0,0.8333333333333334,7.446
"GRADO EN INGENIERÍA CIVIL - CONSTRUCCIONES CIVILES","2010-11","0","JUN","Selectividad","H","SOLANA DE LOS BARROS","(1990.0, 1995.0]",0,"S",0.2222222222222222,0.3333333333333333,6.69
"GRADO EN INGENIERÍA CIVIL - CONSTRUCCIONES CIVILES","2010-11","0","JUN","Selectividad","H","CÁCERES","(1990.0, 1995.0]",0,"S",0.2857142857142857,0.4285714285714285,7.092
"GRADO EN INGENIERÍA CIVIL - CONSTRUCCIONES CIVILES","2010-11","0","JUN","Selectividad","D","CÁCERES","(1990.0, 1995.0]",0,"N",0.125,0.25,6.97
"GRADO EN INGENIERÍA CIVIL - CONSTRUCCIONES CIVILES","2010-11","0","JUN","Selectividad","D","PLASENCIA","(1985.0, 1990.0]",1,"S",0.3333333333333333,0.6666666666666666,6.114
"GRADO EN INGENIERÍA CIVIL - CONSTRUCCIONES CIVILES","2010-11","0","JUN","Selectividad","H","PALMA DEL RÍO","(1990.0, 1995.0]",0,"N",0.25,0.5,5.828
"GRADO EN INGENIERÍA CIVIL - CONSTRUCCIONES CIVILES","2010-11","0","JUN","Selectividad","H","CÁCERES","(1990.0, 1995.0]",0,"S",0,1,7.858
"GRADO EN INGENIERÍA CIVIL - CONSTRUCCIONES CIVILES","2010-11","1","JUN","Selectividad","D","BERZOCANA","(1990.0, 1995.0]",0,"S",0.2222222222222222,0.1111111111111111,6.124
"GRADO EN INGENIERÍA CIVIL - CONSTRUCCIONES CIVILES","2010-11","1","JUN","Selectividad","D","HERRERA DEL DUQUE","(1990.0, 1995.0]",0,"N",0.25,0.375,7.118
"GRADO EN INGENIERÍA CIVIL - CONSTRUCCIONES CIVILES","2010-11","1","SEP","Selectividad","H","CÁCERES","(1985.0, 1990.0]",1,"N",0.6,0.1,5.35
"GRADO EN INGENIERÍA CIVIL - CONSTRUCCIONES CIVILES","2010-11","0","SEP","Selectividad","H","CÁCERES","(1990.0, 1995.0]",1,"N",0.5,0.3333333333333333,5.35
"GRADO EN INGENIERÍA CIVIL - CONSTRUCCIONES CIVILES","2010-11","0","SEP","Selectividad","H","PLASENCIA","(1990.0, 1995.0]",1,"N",0.125,0.375,5.47
"GRADO EN INGENIERÍA CIVIL - CONSTRUCCIONES CIVILES","2010-11","1","SEP","Selectividad","H","CÁCERES","(1985.0, 1990.0]",1,"N",0.1111111111111111,0.2222222222222222,6.392
"GRADO EN INGENIERÍA CIVIL - CONSTRUCCIONES CIVILES","2010-11","0","SEP","Selectividad","D","CÁCERES","(1990.0, 1995.0]",1,"N",0.1111111111111111,0.3333333333333333,5.832
"GRADO EN INGENIERÍA CIVIL - CONSTRUCCIONES CIVILES","2009-10","0","JUN","Selectividad","H","BADAJOZ","(1985.0, 1990.0]",0,"N",1,0,6.69
"GRADO EN INGENIERÍA CIVIL - CONSTRUCCIONES CIVILES","2009-10","1","JUN","Selectividad","H","ESTELLA-LIZARRA","(1985.0, 1990.0]",1,"N",1,0,5.55
"GRADO EN INGENIERÍA CIVIL - CONSTRUCCIONES CIVILES","2010-11","0","SEP","Selectividad","H","PLASENCIA","(1990.0, 1995.0]",1,"N",0.9,0,5.736
"GRADO EN INGENIERÍA CIVIL - CONSTRUCCIONES CIVILES","2011-12","0","JUN","Selectividad","H","CÁCERES","(1990.0, 1995.0]",1,"S",0.1111111111111111,0.3333333333333333,6.765
"GRADO EN INGENIERÍA CIVIL - CONSTRUCCIONES CIVILES","2011-12","0","JUN","Selectividad","D","CÁCERES","(1990.0, 1995.0]",0,"N",0.125,0.375,6.826
"GRADO EN INGENIERÍA CIVIL - CONSTRUCCIONES CIVILES","2011-12","0","JUN","Selectividad","H","BADAJOZ","(1990.0, 1995.0]",1,"N",0.25,0.25,7.482
"GRADO EN INGENIERÍA CIVIL - CONSTRUCCIONES CIVILES","2011-12","1","JUN","Selectividad","D","ARROYO DE SAN SERVÁN","(1990.0, 1995.0]",1,"S",0,0.375,8.146
"GRADO EN INGENIERÍA CIVIL - CONSTRUCCIONES CIVILES","2011-12","1","JUN","Selectividad","H","VILLANUEVA DE LA SERENA","(1990.0, 1995.0]",1,"S",0.2857142857142857,0.5714285714285714,7.285
"GRADO EN INGENIERÍA CIVIL - CONSTRUCCIONES CIVILES","2011-12","0","JUN","Selectividad","H","CASAR DE CÁCERES","(1990.0, 1995.0]",0,"N",0.2857142857142857,0.5714285714285714,7.71
"GRADO EN INGENIERÍA CIVIL - CONSTRUCCIONES CIVILES","2011-12","0","JUN","Selectividad","H","FREGENAL DE LA SIERRA","(1990.0, 1995.0]",1,"S",0.3333333333333333,0.6666666666666666,7.304
"GRADO EN INGENIERÍA CIVIL - CONSTRUCCIONES CIVILES","2011-12","0","JUN","Selectividad","H","CÁDIZ","(1990.0, 1995.0]",1,"N",0.375,0.5,6.761
"GRADO EN INGENIERÍA CIVIL - CONSTRUCCIONES CIVILES","2011-12","0","JUN","Selectividad","H","CÁCERES","(1990.0, 1995.0]",1,"N",0.1428571428571428,0.5714285714285714,7.31
"GRADO EN INGENIERÍA CIVIL - CONSTRUCCIONES CIVILES","2011-12","1","JUN","Selectividad","H","ANDOAIN","(1990.0, 1995.0]",1,"S",0.25,0.375,8.186
"GRADO EN INGENIERÍA CIVIL - CONSTRUCCIONES CIVILES","2011-12","1","JUN","Selectividad","H","BADAJOZ","(1990.0, 1995.0]",1,"S",0.4,0,7.422
"GRADO EN INGENIERÍA CIVIL - CONSTRUCCIONES CIVILES","2011-12","0","JUN","Selectividad","H","CÁCERES","(1990.0, 1995.0]",1,"S",0.25,0.5,7.11
"GRADO EN INGENIERÍA CIVIL - CONSTRUCCIONES CIVILES","2011-12","0","JUN","Selectividad","D","CORIA","(1990.0, 1995.0]",1,"N",0.2222222222222222,0.2222222222222222,6.206
"GRADO EN INGENIERÍA CIVIL - CONSTRUCCIONES CIVILES","2011-12","1","JUN","Selectividad","D","MORALEJA","(1990.0, 1995.0]",0,"S",0.3333333333333333,0.2222222222222222,7.4
"GRADO EN INGENIERÍA CIVIL - CONSTRUCCIONES CIVILES","2011-12","0","JUN","Selectividad","H","LOGROSÁN","(1990.0, 1995.0]",1,"S",0.1428571428571428,0.4285714285714285,6.644
"GRADO EN INGENIERÍA CIVIL - CONSTRUCCIONES CIVILES","2011-12","0","JUN","Selectividad","H","CÁCERES","(1990.0, 1995.0]",1,"S",0.375,0.375,5.578
"GRADO EN INGENIERÍA CIVIL - CONSTRUCCIONES CIVILES","2011-12","0","JUN","Selectividad","H","LEÓN","(1985.0, 1990.0]",1,"N",0.1428571428571428,0.7142857142857143,5.93
"GRADO EN INGENIERÍA CIVIL - CONSTRUCCIONES CIVILES","2011-12","1","JUN","Selectividad","H","PLASENCIA","(1990.0, 1995.0]",1,"S",0.25,0.25,6.422
"GRADO EN INGENIERÍA CIVIL - CONSTRUCCIONES CIVILES","2011-12","1","JUN","Selectividad","H","CILLEROS","(1990.0, 1995.0]",1,"S",0.5555555555555556,0.1111111111111111,5.54
"GRADO EN INGENIERÍA CIVIL - CONSTRUCCIONES CIVILES","2011-12","1","JUN","Selectividad","D","SIERRA DE FUENTES","(1990.0, 1995.0]",1,"S",0,0.4285714285714285,5.55
"GRADO EN INGENIERÍA CIVIL - CONSTRUCCIONES CIVILES","2011-12","1","JUN","Formación Profesional","H","CÁCERES","(1985.0, 1990.0]",1,"S",0.375,0.5,7.14
"GRADO EN INGENIERÍA CIVIL - CONSTRUCCIONES CIVILES","2011-12","1","JUN","Selectividad","H","TORREMOCHA","(1990.0, 1995.0]",1,"S",0.2222222222222222,0.1111111111111111,5.424
"GRADO EN INGENIERÍA CIVIL - CONSTRUCCIONES CIVILES","2011-12","1","JUN","Selectividad","H","CORIA","(1990.0, 1995.0]",1,"S",0.7,0,5.65
"GRADO EN INGENIERÍA CIVIL - CONSTRUCCIONES CIVILES","2011-12","1","JUN","Selectividad","H","CÁDIZ","(1990.0, 1995.0]",1,"N",0.3333333333333333,0.2222222222222222,5.279
"GRADO EN INGENIERÍA CIVIL - CONSTRUCCIONES CIVILES","2011-12","1","SEP","Selectividad","H","CÁCERES","(1990.0, 1995.0]",1,"N",1,0,6.47
"GRADO EN INGENIERÍA CIVIL - CONSTRUCCIONES CIVILES","2010-11","0","JUN","Selectividad","H","CÁCERES","(1985.0, 1990.0]",1,"N",0.4166666666666667,0.1666666666666666,6.13
"GRADO EN INGENIERÍA CIVIL - CONSTRUCCIONES CIVILES","2010-11","0","JUN","Selectividad","H","CÁCERES","(1980.0, 1985.0]",0,"N",0.75,0,7.38
"GRADO EN INGENIERÍA CIVIL - CONSTRUCCIONES CIVILES","2010-11","1","JUN","Selectividad","H","CÁCERES","(1985.0, 1990.0]",1,"N",0.7272727272727273,0.0909090909090909,5.61
"GRADO EN INGENIERÍA CIVIL - CONSTRUCCIONES CIVILES","2010-11","1","JUN","Selectividad","H","CÁCERES","(1985.0, 1990.0]",1,"N",0.3333333333333333,0.2222222222222222,5.87
"GRADO EN INGENIERÍA CIVIL - CONSTRUCCIONES CIVILES","2010-11","1","JUN","Selectividad","H","SAN VICENTE DE ALCÁNTARA","(1985.0, 1990.0]",1,"N",0.5714285714285714,0.1428571428571428,5.95
"GRADO EN INGENIERÍA CIVIL - CONSTRUCCIONES CIVILES","2011-12","1","SEP","Selectividad","H","BADAJOZ","(1990.0, 1995.0]",1,"N",0.3,0,6.014
"GRADO EN INGENIERÍA CIVIL - CONSTRUCCIONES CIVILES","2011-12","1","SEP","Selectividad","H","BADAJOZ","(1990.0, 1995.0]",1,"N",0.5,0,8.608
"GRADO EN INGENIERÍA CIVIL - CONSTRUCCIONES CIVILES","2012-13","0","JUN","Selectividad","H","CORIA","(1990.0, 1995.0]",0,"S",0.25,0.375,7.218
"GRADO EN INGENIERÍA CIVIL - CONSTRUCCIONES CIVILES","2012-13","1","JUN","Selectividad","D","CÁCERES","(1990.0, 1995.0]",0,"N",0.375,0.25,8.024
"GRADO EN INGENIERÍA CIVIL - CONSTRUCCIONES CIVILES","2012-13","1","JUN","Selectividad","D","SEVILLA","(1990.0, 1995.0]",1,"S",0.3333333333333333,0.6666666666666666,7.626
"GRADO EN INGENIERÍA CIVIL - CONSTRUCCIONES CIVILES","2012-13","0","JUN","Selectividad","H","CÁCERES","(1990.0, 1995.0]",1,"N",0.1428571428571428,0.4285714285714285,6.168
"GRADO EN INGENIERÍA CIVIL - CONSTRUCCIONES CIVILES","2012-13","1","JUN","Selectividad","H","CÁCERES","(1990.0, 1995.0]",0,"N",0.5,0,7.65
"GRADO EN INGENIERÍA CIVIL - CONSTRUCCIONES CIVILES","2012-13","1","JUN","Selectividad","H","LA HABA","(1990.0, 1995.0]",0,"S",0.3333333333333333,0.6666666666666666,11.772
"GRADO EN INGENIERÍA CIVIL - CONSTRUCCIONES CIVILES","2012-13","1","JUN","Selectividad","H","MÉRIDA","(1990.0, 1995.0]",0,"N",0.3,0.2,7.019
"GRADO EN INGENIERÍA CIVIL - CONSTRUCCIONES CIVILES","2012-13","1","JUN","Selectividad","H","CÁDIZ","(1990.0, 1995.0]",0,"N",0.5555555555555556,0.1111111111111111,6.963
"GRADO EN INGENIERÍA CIVIL - CONSTRUCCIONES CIVILES","2012-13","1","JUN","Selectividad","D","MEDELLÍN","(1990.0, 1995.0]",0,"S",0.3,0.1,6.182
"GRADO EN INGENIERÍA CIVIL - CONSTRUCCIONES CIVILES","2012-13","1","JUN","Selectividad","H","CASTUERA","(1990.0, 1995.0]",0,"N",0.6,0,6.722
"GRADO EN INGENIERÍA CIVIL - CONSTRUCCIONES CIVILES","2012-13","1","JUN","Selectividad","H","PLASENCIA","(1990.0, 1995.0]",1,"N",0.2222222222222222,0.1111111111111111,5.4
"GRADO EN INGENIERÍA CIVIL - CONSTRUCCIONES CIVILES","2012-13","1","JUN","Formación Profesional","H","SANTIAGO DE ALCÁNTARA","(1990.0, 1995.0]",0,"S",0.6666666666666666,0.1111111111111111,8.36
"GRADO EN INGENIERÍA CIVIL - CONSTRUCCIONES CIVILES","2012-13","1","SEP","Selectividad","H","MEDELLÍN","(1990.0, 1995.0]",1,"N",0.5454545454545454,0.1818181818181818,5.422
"GRADO EN INGENIERÍA CIVIL - CONSTRUCCIONES CIVILES","2012-13","0","SEP","Selectividad","H","CORIA","(1990.0, 1995.0]",1,"N",0.25,0.5,5.624
"GRADO EN INGENIERÍA CIVIL - CONSTRUCCIONES CIVILES","2012-13","0","JUN","Selectividad","D","SEGOVIA","(1990.0, 1995.0]",0,"S",0.3333333333333333,0.2222222222222222,5.846
"GRADO EN INGENIERÍA CIVIL - CONSTRUCCIONES CIVILES","2012-13","1","JUN","Selectividad","H","CÁCERES","(1990.0, 1995.0]",0,"N",0.6,0,7.372
"GRADO EN INGENIERÍA CIVIL - CONSTRUCCIONES CIVILES","2012-13","0","JUN","Selectividad","H","OLIVENZA","(1990.0, 1995.0]",1,"S",0.25,0.375,5.592
"GRADO EN INGENIERÍA CIVIL - CONSTRUCCIONES CIVILES","2012-13","0","JUN","Selectividad","H","MÉRIDA","(1990.0, 1995.0]",0,"S",0.2857142857142857,0.5714285714285714,10.508
"GRADO EN INGENIERÍA CIVIL - CONSTRUCCIONES CIVILES","2012-13","0","JUN","Selectividad","H","BADAJOZ","(1990.0, 1995.0]",0,"S",0.25,0.5,9.396
"GRADO EN INGENIERÍA CIVIL - CONSTRUCCIONES CIVILES","2012-13","0","JUN","Selectividad","H","CÁCERES","(1990.0, 1995.0]",0,"N",0,0.4285714285714285,7.594
"GRADO EN INGENIERÍA CIVIL - CONSTRUCCIONES CIVILES","2012-13","1","JUN","Selectividad","H","CAMPANARIO","(1990.0, 1995.0]",0,"S",0.2222222222222222,0.1111111111111111,8.422
"GRADO EN INGENIERÍA CIVIL - CONSTRUCCIONES CIVILES","2012-13","1","JUN","Selectividad","H","CÁCERES","(1990.0, 1995.0]",0,"N",0.2222222222222222,0.4444444444444444,8.192
"GRADO EN INGENIERÍA CIVIL - CONSTRUCCIONES CIVILES","2012-13","1","SEP","Selectividad","D","BADAJOZ","(1990.0, 1995.0]",1,"N",0.5833333333333334,0,5.29
"GRADO EN INGENIERÍA CIVIL - CONSTRUCCIONES CIVILES","2012-13","1","JUN","Selectividad","H","BADAJOZ","(1990.0, 1995.0]",1,"N",0.4,0,5.164
"GRADO EN INGENIERÍA CIVIL - CONSTRUCCIONES CIVILES","2012-13","1","SEP","Selectividad","D","BADAJOZ","(1990.0, 1995.0]",1,"N",0.3,0.1,5.882
"GRADO EN INGENIERÍA CIVIL - CONSTRUCCIONES CIVILES","2012-13","0","SEP","Selectividad","H","LOS SANTOS DE MAIMONA","(1990.0, 1995.0]",1,"S",0.2222222222222222,0.1111111111111111,6.174
"GRADO EN INGENIERÍA CIVIL - CONSTRUCCIONES CIVILES","2012-13","0","JUN","Selectividad","H","VILLANUEVA DE LA SERENA","(1990.0, 1995.0]",0,"N",0.75,0,7.49
"GRADO EN INGENIERÍA CIVIL - CONSTRUCCIONES CIVILES","2012-13","1","SEP","Selectividad","H","MÉRIDA","(1985.0, 1990.0]",1,"N",0.6666666666666666,0.1111111111111111,5.636
"GRADO EN INGENIERÍA CIVIL - CONSTRUCCIONES CIVILES","2012-13","1","SEP","Selectividad","H","CÁCERES","(1990.0, 1995.0]",1,"N",0.6,0.1,6.808
"GRADO EN INGENIERÍA CIVIL - CONSTRUCCIONES CIVILES","2012-13","1","SEP","Selectividad","H","VILLANUEVA DE LA SERENA","(1990.0, 1995.0]",1,"N",0.3333333333333333,0.2222222222222222,6.328
"GRADO EN INGENIERÍA CIVIL - CONSTRUCCIONES CIVILES","2012-13","1","SEP","Selectividad","H","CÁCERES","(1990.0, 1995.0]",1,"S",0.4444444444444444,0.1111111111111111,6.01
"GRADO EN INGENIERÍA CIVIL - CONSTRUCCIONES CIVILES","2012-13","1","SEP","Selectividad","H","CÁCERES","(1990.0, 1995.0]",1,"N",0.5555555555555556,0.1111111111111111,5.174
"GRADO EN INGENIERÍA CIVIL - CONSTRUCCIONES CIVILES","2012-13","0","SEP","Selectividad","H","CÁCERES","(1985.0, 1990.0]",1,"N",0.5,0.375,5.14
"GRADO EN INGENIERÍA CIVIL - CONSTRUCCIONES CIVILES","2012-13","1","JUN","Selectividad","H","NAVALVILLAR DE PELA","(1985.0, 1990.0]",1,"N",0.8,0.1,5.22
"GRADO EN INGENIERÍA CIVIL - CONSTRUCCIONES CIVILES","2013-14","1","JUN","Selectividad","H","MADRIGALEJO","(1990.0, 1995.0]",0,"N",0.3333333333333333,0.1111111111111111,6.606
"GRADO EN INGENIERÍA CIVIL - CONSTRUCCIONES CIVILES","2013-14","1","JUN","Selectividad","H","CÁCERES","(1990.0, 1995.0]",0,"N",0.1111111111111111,0.1111111111111111,8.168
"GRADO EN INGENIERÍA CIVIL - CONSTRUCCIONES CIVILES","2013-14","0","JUN","Selectividad","H","ALMENDRALEJO","(1990.0, 1995.0]",0,"S",0.375,0.375,8.718
"GRADO EN INGENIERÍA CIVIL - CONSTRUCCIONES CIVILES","2013-14","1","JUN","Selectividad","H","CÁCERES","(1990.0, 1995.0]",0,"S",0.5555555555555556,0.1111111111111111,9.19
"GRADO EN INGENIERÍA CIVIL - CONSTRUCCIONES CIVILES","2013-14","0","JUN","Selectividad","H","ARROYO DE LA LUZ","(1990.0, 1995.0]",0,"S",0.25,0.375,8.744
"GRADO EN INGENIERÍA CIVIL - CONSTRUCCIONES CIVILES","2013-14","0","JUN","Selectividad","H","LA ZARZA","(1990.0, 1995.0]",0,"N",0.3333333333333333,0.6666666666666666,9.382
"GRADO EN INGENIERÍA CIVIL - CONSTRUCCIONES CIVILES","2013-14","1","JUN","Selectividad","D","MÉRIDA","(1990.0, 1995.0]",0,"N",0.7,0,5.546
"GRADO EN INGENIERÍA CIVIL - CONSTRUCCIONES CIVILES","2013-14","0","JUN","Selectividad","H","CAMPANARIO","(1990.0, 1995.0]",0,"S",0.3333333333333333,0.6666666666666666,7.86
"GRADO EN INGENIERÍA CIVIL - CONSTRUCCIONES CIVILES","2013-14","0","JUN","Selectividad","D","GUAREÑA","(1990.0, 1995.0]",0,"S",0.25,0.25,7.142
"GRADO EN INGENIERÍA CIVIL - CONSTRUCCIONES CIVILES","2013-14","1","JUN","Selectividad","H","CAMPANARIO","(1990.0, 1995.0]",0,"S",0.2857142857142857,0.5714285714285714,8.132
"GRADO EN INGENIERÍA CIVIL - CONSTRUCCIONES CIVILES","2013-14","0","JUN","Selectividad","H","CAMPANARIO","(1990.0, 1995.0]",0,"S",0.2857142857142857,0.5714285714285714,7.318
"GRADO EN INGENIERÍA CIVIL - CONSTRUCCIONES CIVILES","2013-14","1","JUN","Selectividad","H","JARAÍZ DE LA VERA","(1990.0, 1995.0]",1,"S",0.2222222222222222,0.3333333333333333,6.39
"GRADO EN INGENIERÍA CIVIL - CONSTRUCCIONES CIVILES","2013-14","1","JUN","Selectividad","H","CALAMONTE","(1990.0, 1995.0]",1,"N",0.3333333333333333,0.3333333333333333,6.836
"GRADO EN INGENIERÍA CIVIL - CONSTRUCCIONES CIVILES","2013-14","1","JUN","Selectividad","H","JARAÍZ DE LA VERA","(1990.0, 1995.0]",1,"N",0.3,0.1,6.414
"GRADO EN INGENIERÍA CIVIL - CONSTRUCCIONES CIVILES","2013-14","1","JUN","Selectividad","H","BADAJOZ","(1990.0, 1995.0]",1,"S",0.4,0.1,7.128
"GRADO EN INGENIERÍA CIVIL - CONSTRUCCIONES CIVILES","2013-14","0","JUN","Selectividad","H","CÁCERES","(1990.0, 1995.0]",0,"S",0.1666666666666666,0.6666666666666666,11.16
"GRADO EN INGENIERÍA CIVIL - CONSTRUCCIONES CIVILES","2013-14","0","JUN","Selectividad","D","NAVALMORAL DE LA MATA","(1990.0, 1995.0]",0,"N",0,0.6666666666666666,10.032
"GRADO EN INGENIERÍA CIVIL - CONSTRUCCIONES CIVILES","2013-14","0","SEP","Selectividad","H","CÁCERES","(1990.0, 1995.0]",1,"N",0.25,0.5,6.176
"GRADO EN INGENIERÍA CIVIL - CONSTRUCCIONES CIVILES","2013-14","1","JUN","Selectividad","H","CASAR DE CÁCERES","(1990.0, 1995.0]",0,"N",0.25,0.375,8.528
"GRADO EN INGENIERÍA CIVIL - CONSTRUCCIONES CIVILES","2013-14","0","JUN","Formación Profesional","H","MEDINA DE LAS TORRES","(1990.0, 1995.0]",0,"S",0.2857142857142857,0.5714285714285714,8.17
"GRADO EN INGENIERÍA CIVIL - CONSTRUCCIONES CIVILES","2013-14","1","JUN","Selectividad","H","CÁCERES","(1990.0, 1995.0]",1,"N",0.25,0.375,6.342
"GRADO EN INGENIERÍA CIVIL - CONSTRUCCIONES CIVILES","2013-14","1","JUN","Selectividad","D","MÉRIDA","(1990.0, 1995.0]",0,"S",0.3333333333333333,0.1111111111111111,5.411
"GRADO EN INGENIERÍA CIVIL - CONSTRUCCIONES CIVILES","2013-14","0","SEP","Selectividad","D","VILLAR DE RENA","(1990.0, 1995.0]",1,"S",0.2857142857142857,0.4285714285714285,8.358
"GRADO EN INGENIERÍA CIVIL - CONSTRUCCIONES CIVILES","2013-14","0","JUN","Selectividad","D","CÁCERES","(1990.0, 1995.0]",0,"N",0,0.6666666666666666,10.3
"GRADO EN INGENIERÍA CIVIL - CONSTRUCCIONES CIVILES","2013-14","1","SEP","Selectividad","H","CÁCERES","(1990.0, 1995.0]",1,"S",0.3333333333333333,0.3333333333333333,6.332
"GRADO EN INGENIERÍA CIVIL - CONSTRUCCIONES CIVILES","2013-14","1","SEP","Selectividad","H","ZALAMEA DE LA SERENA","(1990.0, 1995.0]",1,"S",0.7,0,7.054
"GRADO EN INGENIERÍA CIVIL - CONSTRUCCIONES CIVILES","2013-14","0","SEP","Selectividad","H","CAMPANARIO","(1990.0, 1995.0]",1,"N",0.3333333333333333,0.1111111111111111,5.482
"GRADO EN INGENIERÍA CIVIL - CONSTRUCCIONES CIVILES","2013-14","1","SEP","Selectividad","D","NAVALMORAL DE LA MATA","(1990.0, 1995.0]",1,"N",0.125,0.25,5.954
"GRADO EN INGENIERÍA CIVIL - CONSTRUCCIONES CIVILES","2013-14","0","SEP","Selectividad","H","MALPARTIDA DE CÁCERES","(1990.0, 1995.0]",0,"N",0.4,0,5.024
"GRADO EN INGENIERÍA CIVIL - CONSTRUCCIONES CIVILES","2014-15","0","JUN","Selectividad","H","MÉRIDA","(1995.0, 2000.0]",0,"N",0.2222222222222222,0.2222222222222222,8.614
"GRADO EN INGENIERÍA CIVIL - CONSTRUCCIONES CIVILES","2014-15","1","JUN","Selectividad","D","BADAJOZ","(1990.0, 1995.0]",1,"S",0.4,0.2,5.792
"GRADO EN INGENIERÍA CIVIL - CONSTRUCCIONES CIVILES","2014-15","0","JUN","Selectividad","H","CÁCERES","(1995.0, 2000.0]",0,"S",0.3333333333333333,0.6666666666666666,12.258
"GRADO EN INGENIERÍA CIVIL - CONSTRUCCIONES CIVILES","2014-15","0","JUN","Selectividad","H","CÁCERES","(1995.0, 2000.0]",0,"N",0.1428571428571428,0.4285714285714285,10.236
"GRADO EN INGENIERÍA CIVIL - CONSTRUCCIONES CIVILES","2014-15","1","JUN","Selectividad","H","NAVALMORAL DE LA MATA","(1990.0, 1995.0]",1,"N",0.9166666666666666,0,5.796
"GRADO EN INGENIERÍA CIVIL - CONSTRUCCIONES CIVILES","2014-15","0","JUN","Formación Profesional","H","VILLAFRANCA DE LOS BARROS","(1985.0, 1990.0]",1,"S",0,0.8,7.92
"GRADO EN INGENIERÍA CIVIL - CONSTRUCCIONES CIVILES","2014-15","0","JUN","Selectividad","D","VALLE DE MATAMOROS","(1995.0, 2000.0]",0,"S",0.125,0.375,6.626
"GRADO EN INGENIERÍA CIVIL - CONSTRUCCIONES CIVILES","2014-15","0","JUN","Selectividad","D","VILLAFRANCA DE LOS BARROS","(1995.0, 2000.0]",0,"N",0.1428571428571428,0.5714285714285714,11.892
"GRADO EN INGENIERÍA CIVIL - CONSTRUCCIONES CIVILES","2014-15","1","JUN","Selectividad","H","LLERENA","(1990.0, 1995.0]",0,"N",1,0,6.542
"GRADO EN INGENIERÍA CIVIL - CONSTRUCCIONES CIVILES","2014-15","0","JUN","Selectividad","H","HERNÁN CORTÉS","(1995.0, 2000.0]",0,"S",0.2857142857142857,0.5714285714285714,8.582
"GRADO EN INGENIERÍA CIVIL - CONSTRUCCIONES CIVILES","2014-15","1","JUN","Selectividad","D","CALAMONTE","(1995.0, 2000.0]",1,"S",0.6,0,6.474
"GRADO EN INGENIERÍA CIVIL - CONSTRUCCIONES CIVILES","2014-15","1","JUN","Formación Profesional","H","MALPARTIDA DE CÁCERES","(1985.0, 1990.0]",1,"S",0.3,0,5.85
"GRADO EN INGENIERÍA CIVIL - CONSTRUCCIONES CIVILES","2014-15","0","JUN","Selectividad","H","MONTEHERMOSO","(1995.0, 2000.0]",0,"S",0.3333333333333333,0.6666666666666666,12.046
"GRADO EN INGENIERÍA CIVIL - CONSTRUCCIONES CIVILES","2014-15","1","JUN","Selectividad","H","LA ZARZA","(1995.0, 2000.0]",0,"S",0.4444444444444444,0.2222222222222222,8.582
"GRADO EN INGENIERÍA CIVIL - CONSTRUCCIONES CIVILES","2014-15","1","JUN","Selectividad","H","CÁCERES","(1995.0, 2000.0]",0,"N",0.3333333333333333,0.6666666666666666,10.196
"GRADO EN INGENIERÍA CIVIL - CONSTRUCCIONES CIVILES","2014-15","0","JUN","Selectividad","H","CÁCERES","(1995.0, 2000.0]",0,"N",0.125,0.5,10.624
"GRADO EN INGENIERÍA CIVIL - CONSTRUCCIONES CIVILES","2014-15","1","JUN","Selectividad","H","TRUJILLO","(1990.0, 1995.0]",1,"N",0.7,0,5.622
"GRADO EN INGENIERÍA CIVIL - CONSTRUCCIONES CIVILES","2014-15","0","EXT","Selectividad","D","VILLAFRANCA DE LOS BARROS","(1990.0, 1995.0]",1,"S",0.4444444444444444,0.3333333333333333,5.968
"GRADO EN INGENIERÍA CIVIL - CONSTRUCCIONES CIVILES","2014-15","1","EXT","Selectividad","H","CASTAÑAR DE IBOR","(1995.0, 2000.0]",1,"S",0.4,0.1,5.564
"GRADO EN INGENIERÍA CIVIL - CONSTRUCCIONES CIVILES","2014-15","0","EXT","Selectividad","H","CÁCERES","(1990.0, 1995.0]",1,"N",0.2222222222222222,0.2222222222222222,6.886
"GRADO EN INGENIERÍA CIVIL - CONSTRUCCIONES CIVILES","2014-15","1","EXT","Selectividad","H","MÉRIDA","(1990.0, 1995.0]",1,"N",0.4444444444444444,0.2222222222222222,5.486
"GRADO EN INGENIERÍA CIVIL - CONSTRUCCIONES CIVILES","2014-15","1","EXT","Selectividad","H","MÉRIDA","(1995.0, 2000.0]",1,"N",0.6,0,5.242
"GRADO EN INGENIERÍA CIVIL - CONSTRUCCIONES CIVILES","2014-15","0","JUN","Selectividad","H","MONTIJO","(1990.0, 1995.0]",0,"S",0.3333333333333333,0.5,11.364
"GRADO EN INGENIERÍA CIVIL - CONSTRUCCIONES CIVILES","2014-15","1","JUN","Selectividad","D","ALMENDRALEJO","(1995.0, 2000.0]",0,"N",0.375,0.375,10.458
"GRADO EN INGENIERÍA CIVIL - CONSTRUCCIONES CIVILES","2014-15","1","EXT","Selectividad","H","CÓRDOBA","(1995.0, 2000.0]",1,"N",0.5,0,7.296
"GRADO EN INGENIERÍA CIVIL - CONSTRUCCIONES CIVILES","2015-16","1","JUN","Selectividad","H","CÁCERES","(1995.0, 2000.0]",0,"S",0.2857142857142857,0.5714285714285714,8.836
"GRADO EN INGENIERÍA CIVIL - CONSTRUCCIONES CIVILES","2015-16","0","JUN","Selectividad","D","AZUAGA","(1995.0, 2000.0]",0,"N",0.4444444444444444,0.2222222222222222,7.14
"GRADO EN INGENIERÍA CIVIL - CONSTRUCCIONES CIVILES","2015-16","0","JUN","Formación Profesional","H","CÁCERES","(1990.0, 1995.0]",0,"N",0.1428571428571428,0.1428571428571428,6.62
"GRADO EN INGENIERÍA CIVIL - CONSTRUCCIONES CIVILES","2015-16","0","JUN","Selectividad","D","SIERRA DE FUENTES","(1995.0, 2000.0]",0,"S",0.3,0.2,8.9
"GRADO EN INGENIERÍA CIVIL - CONSTRUCCIONES CIVILES","2015-16","0","JUN","Selectividad","H","CÁCERES","(1990.0, 1995.0]",0,"N",0.6,0.1,6.214
"GRADO EN INGENIERÍA CIVIL - CONSTRUCCIONES CIVILES","2015-16","0","JUN","Selectividad","H","CÁCERES","(1990.0, 1995.0]",1,"N",0.2,0.4,5.314
"GRADO EN INGENIERÍA CIVIL - CONSTRUCCIONES CIVILES","2015-16","0","JUN","Selectividad","H","QUINTANA DE LA SERENA","(1995.0, 2000.0]",0,"N",0.2857142857142857,0.4285714285714285,9.472
"GRADO EN INGENIERÍA CIVIL - CONSTRUCCIONES CIVILES","2015-16","0","JUN","Selectividad","D","ESPARRAGOSA DE LA SERENA","(1995.0, 2000.0]",0,"S",0.2222222222222222,0.4444444444444444,11.244
"GRADO EN INGENIERÍA CIVIL - CONSTRUCCIONES CIVILES","2015-16","1","JUN","Selectividad","H","CÁCERES","(1995.0, 2000.0]",0,"S",0.8,0,7.196
"GRADO EN INGENIERÍA CIVIL - CONSTRUCCIONES CIVILES","2015-16","0","EXT","Selectividad","H","CÁCERES","(1995.0, 2000.0]",0,"N",0.4444444444444444,0.1111111111111111,6.822
"GRADO EN INGENIERÍA CIVIL - CONSTRUCCIONES CIVILES","2015-16","1","JUN","Selectividad","D","TRUJILLO","(1985.0, 1990.0]",1,"N",0.5,0.5,6.99
"GRADO EN INGENIERÍA CIVIL - CONSTRUCCIONES CIVILES","2016-17","0","EXT","Selectividad","H","PLASENCIA","(1995.0, 2000.0]",1,"N",0.6,0.2,6.874
"GRADO EN INGENIERÍA CIVIL - CONSTRUCCIONES CIVILES","2016-17","0","JUN","Selectividad","H","CAMINOMORISCO","(1995.0, 2000.0]",0,"N",0.4,0.2,6.36
"GRADO EN INGENIERÍA CIVIL - CONSTRUCCIONES CIVILES","2016-17","0","JUN","Selectividad","H","CÁCERES","(1995.0, 2000.0]",0,"S",0.3,0.1,7.39
"GRADO EN INGENIERÍA CIVIL - CONSTRUCCIONES CIVILES","2016-17","1","EXT","Selectividad","H","CÁCERES","(1995.0, 2000.0]",0,"S",0.6666666666666666,0.1111111111111111,7.906
"GRADO EN INGENIERÍA CIVIL - CONSTRUCCIONES CIVILES","2016-17","0","EXT","Selectividad","H","DON BENITO","(1995.0, 2000.0]",0,"S",0,0.3,7.996
"GRADO EN INGENIERÍA CIVIL - CONSTRUCCIONES CIVILES","2016-17","1","JUN","Formación Profesional","D","CHIPIONA","(1985.0, 1990.0]",1,"N",0.75,0,5.6
"GRADO EN INGENIERÍA CIVIL - CONSTRUCCIONES CIVILES","2016-17","1","JUN","Formación Profesional","H","PLASENCIA","(1990.0, 1995.0]",1,"N",1,0,5.38
"GRADO EN INGENIERÍA CIVIL - HIDROLOGÍA","2009-10","1","JUN","Selectividad","H","CORIA","(1985.0, 1990.0]",1,"S",0.1,0.2,5.21
"GRADO EN INGENIERÍA CIVIL - HIDROLOGÍA","2009-10","0","JUN","Selectividad","H","HUELVA","(1985.0, 1990.0]",0,"S",0.25,0.375,5.52
"GRADO EN INGENIERÍA CIVIL - HIDROLOGÍA","2009-10","1","JUN","Selectividad","D","CORIA","(1990.0, 1995.0]",1,"N",0.4444444444444444,0.1111111111111111,5.99
"GRADO EN INGENIERÍA CIVIL - HIDROLOGÍA","2009-10","1","JUN","Selectividad","H","CORIA","(1990.0, 1995.0]",1,"S",0.2857142857142857,0.4285714285714285,8.12
"GRADO EN INGENIERÍA CIVIL - HIDROLOGÍA","2009-10","0","JUN","Selectividad","H","BADAJOZ","(1990.0, 1995.0]",1,"N",0.25,0.25,5.43
"GRADO EN INGENIERÍA CIVIL - HIDROLOGÍA","2009-10","0","JUN","Selectividad","H","ALBURQUERQUE","(1990.0, 1995.0]",1,"N",0.3333333333333333,0.6666666666666666,5.81
"GRADO EN INGENIERÍA CIVIL - HIDROLOGÍA","2009-10","1","JUN","Formación Profesional","H","CORIA","(1985.0, 1990.0]",1,"S",0.4285714285714285,0.4285714285714285,5.89
"GRADO EN INGENIERÍA CIVIL - HIDROLOGÍA","2009-10","0","JUN","Selectividad","H","SALAMANCA","(1990.0, 1995.0]",0,"S",0.25,0.5,6.49
"GRADO EN INGENIERÍA CIVIL - HIDROLOGÍA","2009-10","0","SEP","Selectividad","H","MAGUILLA","(1990.0, 1995.0]",1,"S",0.4444444444444444,0.2222222222222222,5.25
"GRADO EN INGENIERÍA CIVIL - HIDROLOGÍA","2009-10","0","SEP","Selectividad","H","NAVALVILLAR DE PELA","(1990.0, 1995.0]",0,"N",0.3333333333333333,0.2222222222222222,5.58
"GRADO EN INGENIERÍA CIVIL - HIDROLOGÍA","2009-10","1","SEP","Selectividad","H","MÉRIDA","(1990.0, 1995.0]",1,"S",0.1111111111111111,0.2222222222222222,5.77
"GRADO EN INGENIERÍA CIVIL - HIDROLOGÍA","2009-10","0","SEP","Selectividad","H","BARRADO","(1990.0, 1995.0]",0,"N",0.2857142857142857,0.5714285714285714,6.82
"GRADO EN INGENIERÍA CIVIL - HIDROLOGÍA","2009-10","1","JUN","Selectividad","H","CÁCERES","(1985.0, 1990.0]",1,"S",0.3,0,5.47
"GRADO EN INGENIERÍA CIVIL - HIDROLOGÍA","2009-10","0","SEP","Selectividad","H","BADAJOZ","(1990.0, 1995.0]",1,"N",0.3333333333333333,0.1111111111111111,5.23
"GRADO EN INGENIERÍA CIVIL - HIDROLOGÍA","2009-10","0","JUN","Selectividad","H","PLASENCIA","(1985.0, 1990.0]",0,"N",0,1,8.89
"GRADO EN INGENIERÍA CIVIL - HIDROLOGÍA","2009-10","1","SEP","Selectividad","H","CÁCERES","(1990.0, 1995.0]",1,"N",0.3333333333333333,0.3333333333333333,5.95
"GRADO EN INGENIERÍA CIVIL - HIDROLOGÍA","2009-10","0","JUN","Selectividad","H","PLASENCIA","(1985.0, 1990.0]",1,"N",0.5714285714285714,0.4285714285714285,5.86
"GRADO EN INGENIERÍA CIVIL - HIDROLOGÍA","2009-10","1","SEP","Selectividad","H","CÁCERES","(1985.0, 1990.0]",1,"S",0.3333333333333333,0.1111111111111111,5.14
"GRADO EN INGENIERÍA CIVIL - HIDROLOGÍA","2009-10","1","SEP","Selectividad","H","SANTA AMALIA","(1985.0, 1990.0]",1,"N",0.4,0.6,5.65
"GRADO EN INGENIERÍA CIVIL - HIDROLOGÍA","2009-10","1","SEP","Selectividad","D","MALPARTIDA DE PLASENCIA","(1985.0, 1990.0]",1,"N",0.5555555555555556,0.2222222222222222,8.73
"GRADO EN INGENIERÍA CIVIL - HIDROLOGÍA","2009-10","1","SEP","Selectividad","H","CÁCERES","(1985.0, 1990.0]",1,"N",0.25,0.125,5.92
"GRADO EN INGENIERÍA CIVIL - HIDROLOGÍA","2009-10","1","SEP","Selectividad","D","MADRID","(1985.0, 1990.0]",1,"N",0,0.375,5.16
"GRADO EN INGENIERÍA CIVIL - HIDROLOGÍA","2010-11","0","JUN","Selectividad","D","BADAJOZ","(1990.0, 1995.0]",0,"N",0,0.8333333333333334,8.444
"GRADO EN INGENIERÍA CIVIL - HIDROLOGÍA","2010-11","0","JUN","Selectividad","H","VILLANUEVA DE LA SERENA","(1990.0, 1995.0]",0,"S",0,0.375,8.106
"GRADO EN INGENIERÍA CIVIL - HIDROLOGÍA","2010-11","0","JUN","Selectividad","H","MÉRIDA","(1990.0, 1995.0]",1,"S",0.125,0.5,6.092
"GRADO EN INGENIERÍA CIVIL - HIDROLOGÍA","2010-11","0","JUN","Selectividad","H","BÉJAR","(1990.0, 1995.0]",1,"S",0.1428571428571428,0.4285714285714285,5.661
"GRADO EN INGENIERÍA CIVIL - HIDROLOGÍA","2010-11","0","JUN","Selectividad","D","ESPARRAGOSA DE LARES","(1990.0, 1995.0]",0,"N",0.125,0.25,5.524
"GRADO EN INGENIERÍA CIVIL - HIDROLOGÍA","2010-11","1","JUN","Selectividad","H","CÁCERES","(1990.0, 1995.0]",1,"S",0.1666666666666666,0.8333333333333334,5.986
"GRADO EN INGENIERÍA CIVIL - HIDROLOGÍA","2010-11","0","JUN","Selectividad","D","CAMPILLOS","(1990.0, 1995.0]",0,"S",0,0.375,7.136
"GRADO EN INGENIERÍA CIVIL - HIDROLOGÍA","2010-11","1","JUN","Selectividad","H","CÁCERES","(1985.0, 1990.0]",1,"N",0.4,0.4,7.68
"GRADO EN INGENIERÍA CIVIL - HIDROLOGÍA","2010-11","1","SEP","Selectividad","H","BADAJOZ","(1985.0, 1990.0]",1,"S",0.3,0,5.4
"GRADO EN INGENIERÍA CIVIL - HIDROLOGÍA","2011-12","0","JUN","Selectividad","H","CÁCERES","(1990.0, 1995.0]",1,"S",0.1111111111111111,0.2222222222222222,5.558
"GRADO EN INGENIERÍA CIVIL - HIDROLOGÍA","2011-12","1","JUN","Selectividad","H","GUAREÑA","(1990.0, 1995.0]",1,"S",0.1428571428571428,0.4285714285714285,7.246
"GRADO EN INGENIERÍA CIVIL - HIDROLOGÍA","2011-12","1","JUN","Selectividad","H","TRUJILLO","(1990.0, 1995.0]",1,"N",0.3333333333333333,0.2222222222222222,5.622
"GRADO EN INGENIERÍA CIVIL - HIDROLOGÍA","2011-12","1","JUN","Selectividad","D","MADRIGALEJO","(1990.0, 1995.0]",1,"S",0.25,0.25,7.172
"GRADO EN INGENIERÍA CIVIL - HIDROLOGÍA","2011-12","1","SEP","Selectividad","H","MALPARTIDA DE CÁCERES","(1990.0, 1995.0]",1,"N",0.2222222222222222,0.1111111111111111,5.024
"GRADO EN INGENIERÍA CIVIL - HIDROLOGÍA","2011-12","1","SEP","Selectividad","H","SANTA AMALIA","(1985.0, 1990.0]",1,"S",0.4444444444444444,0.1111111111111111,5.376
"GRADO EN INGENIERÍA CIVIL - HIDROLOGÍA","2011-12","0","SEP","Selectividad","H","LOS GUADALPERALES","(1990.0, 1995.0]",1,"N",0.3333333333333333,0.2222222222222222,6.022
"GRADO EN INGENIERÍA CIVIL - HIDROLOGÍA","2011-12","1","SEP","Selectividad","H","CÁCERES","(1990.0, 1995.0]",1,"S",0.3333333333333333,0.1111111111111111,6.176
"GRADO EN INGENIERÍA CIVIL - HIDROLOGÍA","2012-13","0","JUN","Selectividad","D","PLASENCIA","(1990.0, 1995.0]",0,"N",0.1666666666666666,0.8333333333333334,8.768
"GRADO EN INGENIERÍA CIVIL - HIDROLOGÍA","2012-13","1","JUN","Selectividad","H","PLASENCIA","(1990.0, 1995.0]",1,"N",0,0.6,6.896
"GRADO EN INGENIERÍA CIVIL - HIDROLOGÍA","2012-13","0","JUN","Selectividad","H","ORELLANA LA VIEJA","(1990.0, 1995.0]",0,"N",0.3333333333333333,0.2222222222222222,6.71
"GRADO EN INGENIERÍA CIVIL - HIDROLOGÍA","2012-13","1","JUN","Selectividad","H","PLASENCIA","(1990.0, 1995.0]",1,"N",0.3333333333333333,0.2222222222222222,6.226
"GRADO EN INGENIERÍA CIVIL - HIDROLOGÍA","2012-13","1","JUN","Selectividad","H","NAVALMORAL DE LA MATA","(1990.0, 1995.0]",1,"N",0.5555555555555556,0.1111111111111111,5.796
"GRADO EN INGENIERÍA CIVIL - HIDROLOGÍA","2012-13","1","SEP","Selectividad","H","BADAJOZ","(1990.0, 1995.0]",1,"N",0.6,0.1,5.33
"GRADO EN INGENIERÍA CIVIL - HIDROLOGÍA","2012-13","1","SEP","Selectividad","H","CÁCERES","(1985.0, 1990.0]",1,"N",0.5,0,5.35
"GRADO EN INGENIERÍA CIVIL - HIDROLOGÍA","2012-13","1","SEP","Selectividad","H","BADAJOZ","(1990.0, 1995.0]",1,"N",0.8,0,8.608
"GRADO EN INGENIERÍA CIVIL - HIDROLOGÍA","2012-13","1","SEP","Selectividad","H","AZUAGA","(1985.0, 1990.0]",1,"N",0.5454545454545454,0.0909090909090909,5.23
"GRADO EN INGENIERÍA CIVIL - HIDROLOGÍA","2013-14","0","JUN","Selectividad","D","MADRIGALEJO","(1990.0, 1995.0]",0,"S",0.2857142857142857,0.4285714285714285,11.136
"GRADO EN INGENIERÍA CIVIL - HIDROLOGÍA","2013-14","1","JUN","Selectividad","H","RONDA","(1990.0, 1995.0]",1,"N",0.3,0.1,5.04
"GRADO EN INGENIERÍA CIVIL - HIDROLOGÍA","2013-14","0","SEP","Selectividad","H","CÁCERES","(1985.0, 1990.0]",1,"N",0.625,0,5.82
"GRADO EN INGENIERÍA CIVIL - HIDROLOGÍA","2013-14","1","SEP","Formación Profesional","H","CACABELOS","(1985.0, 1990.0]",1,"N",0,0,5.9
"GRADO EN INGENIERÍA CIVIL - HIDROLOGÍA","2013-14","1","SEP","Selectividad","H","NAVALMORAL DE LA MATA","(1990.0, 1995.0]",1,"N",0.3,0,6.582
"GRADO EN INGENIERÍA CIVIL - HIDROLOGÍA","2014-15","0","JUN","Selectividad","D","QUINTANA DE LA SERENA","(1995.0, 2000.0]",0,"N",0.25,0.375,8.074
"GRADO EN INGENIERÍA CIVIL - HIDROLOGÍA","2014-15","1","JUN","Selectividad","H","MADRIGALEJO","(1990.0, 1995.0]",1,"N",0.5,0.1,6.606
"GRADO EN INGENIERÍA CIVIL - HIDROLOGÍA","2014-15","1","JUN","Formación Profesional","D","CHIPIONA","(1985.0, 1990.0]",1,"N",1,0,5.6
"GRADO EN INGENIERÍA CIVIL - HIDROLOGÍA","2014-15","0","SEP","Selectividad","H","VILLANUEVA DE LA SERENA","(1990.0, 1995.0]",1,"N",0.7,0.1,6.328
"GRADO EN INGENIERÍA CIVIL - HIDROLOGÍA","2014-15","1","JUN","Selectividad","H","MONTEHERMOSO","(1990.0, 1995.0]",1,"S",0.7,0,7.118
"GRADO EN INGENIERÍA CIVIL - HIDROLOGÍA","2014-15","0","SEP","Selectividad","H","ZALAMEA DE LA SERENA","(1990.0, 1995.0]",1,"N",0.2222222222222222,0.2222222222222222,7.054
"GRADO EN INGENIERÍA CIVIL - HIDROLOGÍA","2015-16","1","JUN","Selectividad","H","ZARZA LA MAYOR","(1995.0, 2000.0]",1,"N",0.3333333333333333,0.1111111111111111,7.532
"GRADO EN INGENIERÍA CIVIL - HIDROLOGÍA","2015-16","0","JUN","Selectividad","H","CÁCERES","(1995.0, 2000.0]",0,"N",0,0.7142857142857143,7.676
"GRADO EN INGENIERÍA CIVIL - HIDROLOGÍA","2015-16","1","JUN","Selectividad","H","LLERENA","(1990.0, 1995.0]",1,"N",0.9166666666666666,0,6.542
"GRADO EN INGENIERÍA CIVIL - HIDROLOGÍA","2015-16","1","JUN","Selectividad","D","VILLAFRANCA DE LOS BARROS","(1995.0, 2000.0]",0,"S",0.5,0.25,7.26
"GRADO EN INGENIERÍA CIVIL - HIDROLOGÍA","2015-16","1","JUN","Selectividad","D","BADAJOZ","(1990.0, 1995.0]",1,"N",0.375,0.125,5.792
"GRADO EN INGENIERÍA CIVIL - HIDROLOGÍA","2016-17","1","JUN","Selectividad","H","CÁCERES","(1995.0, 2000.0]",0,"N",0.25,0.375,7.94
"GRADO EN INGENIERÍA CIVIL - TRANSPORTES Y SERVICIOS URBANOS","2009-10","0","JUN","Selectividad","H","CÁCERES","(1990.0, 1995.0]",0,"S",0.2222222222222222,0.2222222222222222,6.57
"GRADO EN INGENIERÍA CIVIL - TRANSPORTES Y SERVICIOS URBANOS","2009-10","1","JUN","Selectividad","H","CORIA","(1990.0, 1995.0]",1,"S",0.5,0,5.96
"GRADO EN INGENIERÍA CIVIL - TRANSPORTES Y SERVICIOS URBANOS","2009-10","0","JUN","Selectividad","D","ORELLANA LA VIEJA","(1990.0, 1995.0]",0,"S",0,0.3333333333333333,7.39
"GRADO EN INGENIERÍA CIVIL - TRANSPORTES Y SERVICIOS URBANOS","2009-10","1","JUN","Selectividad","H","BADAJOZ","(1990.0, 1995.0]",1,"N",0.3333333333333333,0.1111111111111111,5.41
"GRADO EN INGENIERÍA CIVIL - TRANSPORTES Y SERVICIOS URBANOS","2009-10","1","JUN","Selectividad","H","CÁCERES","(1990.0, 1995.0]",1,"S",0.4,0.1,5.06
"GRADO EN INGENIERÍA CIVIL - TRANSPORTES Y SERVICIOS URBANOS","2009-10","0","JUN","Selectividad","H","DON BENITO","(1990.0, 1995.0]",0,"S",0.25,0.375,6.53
"GRADO EN INGENIERÍA CIVIL - TRANSPORTES Y SERVICIOS URBANOS","2009-10","0","JUN","Selectividad","H","MÉRIDA","(1990.0, 1995.0]",0,"S",0.2857142857142857,0.4285714285714285,5.93
"GRADO EN INGENIERÍA CIVIL - TRANSPORTES Y SERVICIOS URBANOS","2009-10","0","JUN","Formación Profesional","H","CARTAGENA","(1985.0, 1990.0]",1,"N",0.125,0.25,5.8
"GRADO EN INGENIERÍA CIVIL - TRANSPORTES Y SERVICIOS URBANOS","2009-10","1","SEP","Selectividad","H","CÁCERES","(1990.0, 1995.0]",1,"S",0.8,0,5.09
"GRADO EN INGENIERÍA CIVIL - TRANSPORTES Y SERVICIOS URBANOS","2009-10","1","SEP","Selectividad","H","FREGENAL DE LA SIERRA","(1990.0, 1995.0]",1,"S",0.75,0.25,5.39
"GRADO EN INGENIERÍA CIVIL - TRANSPORTES Y SERVICIOS URBANOS","2009-10","0","SEP","Selectividad","H","CÁCERES","(1985.0, 1990.0]",1,"S",0.3333333333333333,0.2222222222222222,5.51
"GRADO EN INGENIERÍA CIVIL - TRANSPORTES Y SERVICIOS URBANOS","2009-10","1","SEP","Selectividad","H","PLASENCIA","(1990.0, 1995.0]",1,"S",0.2222222222222222,0.1111111111111111,5.47
"GRADO EN INGENIERÍA CIVIL - TRANSPORTES Y SERVICIOS URBANOS","2009-10","1","SEP","Selectividad","D","BADAJOZ","(1990.0, 1995.0]",1,"S",0.2,0.1,5.29
"GRADO EN INGENIERÍA CIVIL - TRANSPORTES Y SERVICIOS URBANOS","2009-10","0","SEP","Selectividad","H","CÁCERES","(1985.0, 1990.0]",1,"S",0.25,0.375,6.07
"GRADO EN INGENIERÍA CIVIL - TRANSPORTES Y SERVICIOS URBANOS","2009-10","1","SEP","Selectividad","H","CÁCERES","(1985.0, 1990.0]",1,"N",0.6,0,5.35
"GRADO EN INGENIERÍA CIVIL - TRANSPORTES Y SERVICIOS URBANOS","2009-10","1","SEP","Selectividad","D","OLIVENZA","(1990.0, 1995.0]",1,"S",0.2,0,5.09
"GRADO EN INGENIERÍA CIVIL - TRANSPORTES Y SERVICIOS URBANOS","2009-10","0","SEP","Selectividad","D","NAVALMORAL DE LA MATA","(1990.0, 1995.0]",1,"S",0.1428571428571428,0.5714285714285714,5.55
"GRADO EN INGENIERÍA CIVIL - TRANSPORTES Y SERVICIOS URBANOS","2009-10","0","SEP","Selectividad","H","DONOSTIA-SAN SEBASTIÁN","(1990.0, 1995.0]",1,"S",0.25,0.375,5.14
"GRADO EN INGENIERÍA CIVIL - TRANSPORTES Y SERVICIOS URBANOS","2009-10","1","SEP","Selectividad","H","TORREORGAZ","(1985.0, 1990.0]",1,"S",0.3,0,5.19
"GRADO EN INGENIERÍA CIVIL - TRANSPORTES Y SERVICIOS URBANOS","2009-10","1","JUN","Selectividad","H","NAVALVILLAR DE PELA","(1985.0, 1990.0]",1,"N",0.6,0.1,5.22
"GRADO EN INGENIERÍA CIVIL - TRANSPORTES Y SERVICIOS URBANOS","2008-09","1","JUN","Selectividad","D","CÁCERES","(1985.0, 1990.0]",1,"N",0.2222222222222222,0.2222222222222222,6.13
"GRADO EN INGENIERÍA CIVIL - TRANSPORTES Y SERVICIOS URBANOS","2010-11","1","JUN","Selectividad","H","VILLANUEVA DE LA SERENA","(1990.0, 1995.0]",0,"N",0,0.8333333333333334,8.38
"GRADO EN INGENIERÍA CIVIL - TRANSPORTES Y SERVICIOS URBANOS","2010-11","0","JUN","Selectividad","H","VILANOVA I LA GELTRÚ","(1990.0, 1995.0]",0,"S",0.1428571428571428,0.4285714285714285,6.728
"GRADO EN INGENIERÍA CIVIL - TRANSPORTES Y SERVICIOS URBANOS","2010-11","1","JUN","Selectividad","H","PUEBLA DE SANCHO PÉREZ","(1990.0, 1995.0]",1,"S",0.2,0.2,6.02
"GRADO EN INGENIERÍA CIVIL - TRANSPORTES Y SERVICIOS URBANOS","2010-11","0","JUN","Selectividad","H","CÁCERES","(1990.0, 1995.0]",1,"S",0,0.6666666666666666,6.328
"GRADO EN INGENIERÍA CIVIL - TRANSPORTES Y SERVICIOS URBANOS","2010-11","0","JUN","Selectividad","H","CÁCERES","(1990.0, 1995.0]",0,"S",0.1666666666666666,0.6666666666666666,6.684
"GRADO EN INGENIERÍA CIVIL - TRANSPORTES Y SERVICIOS URBANOS","2010-11","1","JUN","Selectividad","H","MADRIGALEJO","(1985.0, 1990.0]",1,"S",0.25,0.375,5.272
"GRADO EN INGENIERÍA CIVIL - TRANSPORTES Y SERVICIOS URBANOS","2010-11","1","JUN","Selectividad","D","BURGUILLOS DEL CERRO","(1990.0, 1995.0]",0,"S",0.8,0,7.55
"GRADO EN INGENIERÍA CIVIL - TRANSPORTES Y SERVICIOS URBANOS","2010-11","1","JUN","Formación Profesional","D","CHIPIONA","(1985.0, 1990.0]",1,"N",0.6,0.1,5.6
"GRADO EN INGENIERÍA CIVIL - TRANSPORTES Y SERVICIOS URBANOS","2010-11","0","JUN","Selectividad","H","CÁCERES","(1985.0, 1990.0]",1,"N",0.2307692307692307,0.1538461538461538,5.47
"GRADO EN INGENIERÍA CIVIL - TRANSPORTES Y SERVICIOS URBANOS","2010-11","1","SEP","Selectividad","H","PLASENCIA","(1990.0, 1995.0]",1,"N",0.5,0.375,5.736
"GRADO EN INGENIERÍA CIVIL - TRANSPORTES Y SERVICIOS URBANOS","2010-11","0","SEP","Selectividad","H","CÁCERES","(1990.0, 1995.0]",1,"N",0.4444444444444444,0.1111111111111111,5.736
"GRADO EN INGENIERÍA CIVIL - TRANSPORTES Y SERVICIOS URBANOS","2009-10","1","SEP","Selectividad","H","JARAÍZ DE LA VERA","(1985.0, 1990.0]",1,"N",0.6666666666666666,0,5.29
"GRADO EN INGENIERÍA CIVIL - TRANSPORTES Y SERVICIOS URBANOS","2009-10","1","JUN","Selectividad","D","TRUJILLO","(1985.0, 1990.0]",1,"N",0.8,0,6.99
"GRADO EN INGENIERÍA CIVIL - TRANSPORTES Y SERVICIOS URBANOS","2011-12","1","JUN","Selectividad","H","CÁCERES","(1990.0, 1995.0]",0,"S",0,1,13.464
"GRADO EN INGENIERÍA CIVIL - TRANSPORTES Y SERVICIOS URBANOS","2011-12","1","JUN","Selectividad","H","CÁCERES","(1990.0, 1995.0]",0,"N",0.1666666666666666,0.8333333333333334,11.276
"GRADO EN INGENIERÍA CIVIL - TRANSPORTES Y SERVICIOS URBANOS","2011-12","1","JUN","Selectividad","D","PLASENCIA","(1990.0, 1995.0]",1,"S",0.2222222222222222,0.3333333333333333,7.246
"GRADO EN INGENIERÍA CIVIL - TRANSPORTES Y SERVICIOS URBANOS","2011-12","1","JUN","Selectividad","H","PIORNAL","(1990.0, 1995.0]",1,"N",0.2857142857142857,0.4285714285714285,6.054
"GRADO EN INGENIERÍA CIVIL - TRANSPORTES Y SERVICIOS URBANOS","2011-12","1","SEP","Selectividad","H","NAVALMORAL DE LA MATA","(1990.0, 1995.0]",1,"N",0.6666666666666666,0.3333333333333333,5.822
"GRADO EN INGENIERÍA CIVIL - TRANSPORTES Y SERVICIOS URBANOS","2011-12","0","SEP","Selectividad","H","MÉRIDA","(1990.0, 1995.0]",1,"S",0.1428571428571428,0.5714285714285714,5.442
"GRADO EN INGENIERÍA CIVIL - TRANSPORTES Y SERVICIOS URBANOS","2011-12","1","SEP","Selectividad","H","CORIA","(1990.0, 1995.0]",1,"S",0.375,0.25,5.624
"GRADO EN INGENIERÍA CIVIL - TRANSPORTES Y SERVICIOS URBANOS","2011-12","1","SEP","Selectividad","D","CAMPANARIO","(1990.0, 1995.0]",1,"N",0.4,0.1,6.228
"GRADO EN INGENIERÍA CIVIL - TRANSPORTES Y SERVICIOS URBANOS","2011-12","1","SEP","Selectividad","H","CAMPANARIO","(1990.0, 1995.0]",1,"S",0.3,0,5.482
"GRADO EN INGENIERÍA CIVIL - TRANSPORTES Y SERVICIOS URBANOS","2011-12","1","SEP","Selectividad","H","BADAJOZ","(1985.0, 1990.0]",1,"N",0.1111111111111111,0.1111111111111111,5.4
"GRADO EN INGENIERÍA CIVIL - TRANSPORTES Y SERVICIOS URBANOS","2010-11","0","JUN","Selectividad","H","VILLANUEVA DE LA SERENA","(1985.0, 1990.0]",1,"N",0.75,0.25,6.83
"GRADO EN INGENIERÍA CIVIL - TRANSPORTES Y SERVICIOS URBANOS","2010-11","0","SEP","Selectividad","H","BADAJOZ","(1985.0, 1990.0]",1,"N",0.5,0.1,5.71
"GRADO EN INGENIERÍA CIVIL - TRANSPORTES Y SERVICIOS URBANOS","2012-13","1","JUN","Selectividad","H","DON BENITO","(1990.0, 1995.0]",0,"S",0.2857142857142857,0.5714285714285714,11.678
"GRADO EN INGENIERÍA CIVIL - TRANSPORTES Y SERVICIOS URBANOS","2012-13","1","JUN","Selectividad","H","ZAHÍNOS","(1990.0, 1995.0]",1,"S",0.5,0.25,6.994
"GRADO EN INGENIERÍA CIVIL - TRANSPORTES Y SERVICIOS URBANOS","2012-13","0","JUN","Selectividad","H","LLERENA","(1990.0, 1995.0]",0,"N",0.7777777777777778,0.1111111111111111,6.542
"GRADO EN INGENIERÍA CIVIL - TRANSPORTES Y SERVICIOS URBANOS","2012-13","1","JUN","Formación Profesional","H","CÁCERES","(1990.0, 1995.0]",1,"S",0.2222222222222222,0.2222222222222222,6.55
"GRADO EN INGENIERÍA CIVIL - TRANSPORTES Y SERVICIOS URBANOS","2012-13","1","JUN","Formación Profesional","H","MONTÁNCHEZ","(1985.0, 1990.0]",1,"S",0.5555555555555556,0.1111111111111111,6.45
"GRADO EN INGENIERÍA CIVIL - TRANSPORTES Y SERVICIOS URBANOS","2012-13","1","JUN","Formación Profesional","H","AZUAGA","(1985.0, 1990.0]",1,"S",0.5555555555555556,0.1111111111111111,5.63
"GRADO EN INGENIERÍA CIVIL - TRANSPORTES Y SERVICIOS URBANOS","2012-13","1","JUN","Selectividad","H","CAÑAMERO","(1990.0, 1995.0]",1,"S",0.2222222222222222,0.1111111111111111,7.004
"GRADO EN INGENIERÍA CIVIL - TRANSPORTES Y SERVICIOS URBANOS","2012-13","1","SEP","Selectividad","H","ZAHÍNOS","(1990.0, 1995.0]",1,"S",0.6,0,8.696
"GRADO EN INGENIERÍA CIVIL - TRANSPORTES Y SERVICIOS URBANOS","2012-13","1","JUN","Selectividad","H","PERALEDA DE LA MATA","(1990.0, 1995.0]",1,"N",0.25,0.25,5.706
"GRADO EN INGENIERÍA CIVIL - TRANSPORTES Y SERVICIOS URBANOS","2013-14","0","JUN","Formación Profesional","D","MÉRIDA","(1990.0, 1995.0]",0,"S",0.2727272727272727,0.1818181818181818,7.88
"GRADO EN INGENIERÍA CIVIL - TRANSPORTES Y SERVICIOS URBANOS","2013-14","1","SEP","Selectividad","H","CÁCERES","(1985.0, 1990.0]",1,"N",0.6666666666666666,0,6.392
"GRADO EN INGENIERÍA CIVIL - TRANSPORTES Y SERVICIOS URBANOS","2013-14","0","JUN","Selectividad","H","ARROYO DE LA LUZ","(1990.0, 1995.0]",0,"N",0.2857142857142857,0.5714285714285714,8.846
"GRADO EN INGENIERÍA CIVIL - TRANSPORTES Y SERVICIOS URBANOS","2013-14","0","SEP","Selectividad","H","CÁCERES","(1985.0, 1990.0]",1,"N",0.6666666666666666,0.1666666666666666,6.49
"GRADO EN INGENIERÍA CIVIL - TRANSPORTES Y SERVICIOS URBANOS","2013-14","1","SEP","Selectividad","H","PONFERRADA","(1980.0, 1985.0]",1,"N",0.4,0.3,6.07
"GRADO EN INGENIERÍA CIVIL - TRANSPORTES Y SERVICIOS URBANOS","2013-14","0","SEP","Selectividad","H","SANTA AMALIA","(1985.0, 1990.0]",1,"N",0.25,0.125,5.376
"GRADO EN INGENIERÍA CIVIL - TRANSPORTES Y SERVICIOS URBANOS","2013-14","1","JUN","Selectividad","H","CÁCERES","(1985.0, 1990.0]",1,"N",1,0,5.61
"GRADO EN INGENIERÍA CIVIL - TRANSPORTES Y SERVICIOS URBANOS","2013-14","1","SEP","Selectividad","H","CÁCERES","(1990.0, 1995.0]",1,"N",1,0,6.47
"GRADO EN INGENIERÍA CIVIL - TRANSPORTES Y SERVICIOS URBANOS","2014-15","1","SEP","Selectividad","H","MÉRIDA","(1985.0, 1990.0]",1,"N",1,0,5.636
"GRADO EN INGENIERÍA CIVIL - TRANSPORTES Y SERVICIOS URBANOS","2014-15","0","JUN","Selectividad","H","MÉRIDA","(1990.0, 1995.0]",1,"N",0.2,0.2,7.019
"GRADO EN INGENIERÍA CIVIL - TRANSPORTES Y SERVICIOS URBANOS","2014-15","1","JUN","Selectividad","H","MONTEHERMOSO","(1995.0, 2000.0]",1,"S",0.25,0.375,7.208
"GRADO EN INGENIERÍA CIVIL - TRANSPORTES Y SERVICIOS URBANOS","2014-15","0","JUN","Formación Profesional","H","CÁCERES","(1985.0, 1990.0]",1,"N",0.2857142857142857,0.4285714285714285,6.44
"GRADO EN INGENIERÍA CIVIL - TRANSPORTES Y SERVICIOS URBANOS","2014-15","0","SEP","Selectividad","H","MEDELLÍN","(1990.0, 1995.0]",1,"N",0.3333333333333333,0,5.422
"GRADO EN INGENIERÍA CIVIL - TRANSPORTES Y SERVICIOS URBANOS","2014-15","1","JUN","Selectividad","D","JEREZ DE LOS CABALLEROS","(1980.0, 1985.0]",1,"N",0.8333333333333334,0,5.96
"GRADO EN INGENIERÍA CIVIL - TRANSPORTES Y SERVICIOS URBANOS","2015-16","0","JUN","Selectividad","D","MÉRIDA","(1995.0, 2000.0]",0,"S",0.3333333333333333,0.3333333333333333,8.75
"GRADO EN INGENIERÍA CIVIL - TRANSPORTES Y SERVICIOS URBANOS","2015-16","1","JUN","Selectividad","H","CÁCERES","(1990.0, 1995.0]",1,"S",0.6,0,5.518
"GRADO EN INGENIERÍA CIVIL - TRANSPORTES Y SERVICIOS URBANOS","2015-16","1","EXT","Selectividad","H","MÉRIDA","(1990.0, 1995.0]",1,"N",0.4444444444444444,0.1111111111111111,5.486
"GRADO EN INGENIERÍA CIVIL - TRANSPORTES Y SERVICIOS URBANOS","2016-17","0","JUN","Selectividad","H","HIGUERA DE LA SERENA","(1980.0, 1985.0]",1,"N",1,0,6.47
"GRADO EN EDIFICACIÓN","2009-10","0","JUN","Selectividad","H","MÉRIDA","(1990.0, 1995.0]",0,"N",0,0.4285714285714285,6.13
"GRADO EN EDIFICACIÓN","2009-10","0","JUN","Selectividad","H","BADAJOZ","(1990.0, 1995.0]",0,"N",0,0.4285714285714285,6.53
"GRADO EN EDIFICACIÓN","2009-10","0","JUN","Selectividad","H","PUEBLA DE LA CALZADA","(1990.0, 1995.0]",0,"N",0.1428571428571428,0.7142857142857143,7.18
"GRADO EN EDIFICACIÓN","2009-10","1","JUN","Selectividad","D","SEVILLA","(1990.0, 1995.0]",1,"S",0,0.4285714285714285,8.23
"GRADO EN EDIFICACIÓN","2010-11","0","JUN","Selectividad","H","CÁCERES","(1990.0, 1995.0]",0,"N",0,0.6666666666666666,6.95
"GRADO EN EDIFICACIÓN","2010-11","1","SEP","Selectividad","H","PLASENCIA","(1990.0, 1995.0]",1,"S",0.6666666666666666,0.1111111111111111,8.47
"GRADO EN EDIFICACIÓN","2010-11","1","SEP","Selectividad","H","VALDELACALZADA","(1985.0, 1990.0]",1,"S",0.7,0.1,5.07
"GRADO EN EDIFICACIÓN","2010-11","1","SEP","Selectividad","H","BADAJOZ","(1990.0, 1995.0]",1,"S",0.8,0,5.43
"GRADO EN EDIFICACIÓN","2010-11","1","SEP","Selectividad","H","CASAR DE CÁCERES","(1990.0, 1995.0]",1,"S",0.5714285714285714,0.4285714285714285,6.444
"GRADO EN EDIFICACIÓN","2010-11","1","SEP","Selectividad","H","CÁCERES","(1990.0, 1995.0]",1,"N",0.4,0.1,6.914
"GRADO EN EDIFICACIÓN","2009-10","1","JUN","Selectividad","H","LOS SANTOS DE MAIMONA","(1985.0, 1990.0]",1,"N",0.6666666666666666,0,5.9
"GRADO EN EDIFICACIÓN","2011-12","1","JUN","Selectividad","H","BADAJOZ","(1990.0, 1995.0]",1,"N",0.6,0,5.318
"GRADO EN EDIFICACIÓN","2011-12","1","JUN","Selectividad","H","ZAHÍNOS","(1990.0, 1995.0]",1,"S",0.7,0,7.472
"GRADO EN EDIFICACIÓN","2011-12","0","JUN","Selectividad","D","MÉRIDA","(1990.0, 1995.0]",1,"S",0,0.5,8.086
"GRADO EN EDIFICACIÓN","2011-12","0","JUN","Formación Profesional","D","TIETAR","(1985.0, 1990.0]",1,"S",0.3,0.3,6.75
"GRADO EN EDIFICACIÓN","2011-12","1","JUN","Selectividad","D","CÁCERES","(1990.0, 1995.0]",1,"N",0.1111111111111111,0.3333333333333333,6.1
"GRADO EN EDIFICACIÓN","2011-12","0","SEP","Selectividad","D","BADAJOZ","(1990.0, 1995.0]",1,"S",0.2222222222222222,0.3333333333333333,6.478
"GRADO EN EDIFICACIÓN","2011-12","0","SEP","Selectividad","H","CASAR DE CÁCERES","(1990.0, 1995.0]",1,"N",0.2,0.3,6.06
"GRADO EN EDIFICACIÓN","2011-12","1","SEP","Selectividad","H","BADAJOZ","(1990.0, 1995.0]",1,"S",0.4,0.1,5.9
"GRADO EN EDIFICACIÓN","2011-12","1","SEP","Selectividad","H","BADAJOZ","(1990.0, 1995.0]",1,"N",1,0,5.46
"GRADO EN EDIFICACIÓN","2011-12","1","SEP","Selectividad","D","ARROYO DE LA LUZ","(1990.0, 1995.0]",1,"S",0.2,0,7.954
"GRADO EN EDIFICACIÓN","2012-13","0","JUN","Selectividad","D","ALBURQUERQUE","(1990.0, 1995.0]",0,"N",0.1428571428571428,0.7142857142857143,9.596
"GRADO EN EDIFICACIÓN","2012-13","1","JUN","Formación Profesional","H","HUELVA","(1985.0, 1990.0]",1,"N",0.6,0.1,7.3
"GRADO EN EDIFICACIÓN","2012-13","0","JUN","Selectividad","D","RIBERA DEL FRESNO","(1990.0, 1995.0]",0,"N",0.2222222222222222,0.2222222222222222,8.628
"GRADO EN EDIFICACIÓN","2012-13","0","JUN","Selectividad","H","TRUJILLO","(1990.0, 1995.0]",0,"S",0,0.375,10.64
"GRADO EN EDIFICACIÓN","2012-13","0","JUN","Selectividad","D","RIBERA DEL FRESNO","(1990.0, 1995.0]",0,"S",0,0.5,7.678
"GRADO EN EDIFICACIÓN","2012-13","1","SEP","Selectividad","H","MÉRIDA","(1990.0, 1995.0]",1,"N",0.1111111111111111,0.1111111111111111,5.792
"GRADO EN EDIFICACIÓN","2012-13","0","JUN","Selectividad","H","SIERRA DE FUENTES","(1990.0, 1995.0]",0,"S",0.1428571428571428,0.4285714285714285,7.106
"GRADO EN EDIFICACIÓN","2012-13","0","JUN","Selectividad","D","NAVALMORAL DE LA MATA","(1990.0, 1995.0]",0,"S",0,0.375,8.064
"GRADO EN EDIFICACIÓN","2012-13","0","JUN","Selectividad","H","VILLAR DEL REY","(1990.0, 1995.0]",1,"S",0.3333333333333333,0.3333333333333333,6.144
"GRADO EN EDIFICACIÓN","2012-13","0","JUN","Selectividad","D","ARROYO DE LA LUZ","(1990.0, 1995.0]",0,"S",0.2857142857142857,0.5714285714285714,8.922
"GRADO EN EDIFICACIÓN","2012-13","1","JUN","Formación Profesional","H","PLASENCIA","(1985.0, 1990.0]",1,"S",0.5,0.0833333333333333,5.75
"GRADO EN EDIFICACIÓN","2012-13","1","JUN","Formación Profesional","H","CORIA","(1985.0, 1990.0]",1,"S",0.3,0.3,7.25
"GRADO EN EDIFICACIÓN","2012-13","1","JUN","Formación Profesional","D","DON BENITO","(1975.0, 1980.0]",1,"N",0.25,0.375,6.3
"GRADO EN EDIFICACIÓN","2012-13","1","JUN","Formación Profesional","D","CÁCERES","(1985.0, 1990.0]",1,"S",0.2727272727272727,0.0909090909090909,5.5
"GRADO EN EDIFICACIÓN","2012-13","0","JUN","Selectividad","D","MADRID","(1990.0, 1995.0]",0,"S",0.25,0.375,6.914
"GRADO EN EDIFICACIÓN","2012-13","1","JUN","Formación Profesional","H","PLASENCIA","(1985.0, 1990.0]",1,"S",0.6363636363636364,0.1818181818181818,7.25
"GRADO EN EDIFICACIÓN","2012-13","1","JUN","Selectividad","D","PLASENCIA","(1990.0, 1995.0]",1,"S",0.4,0.1,5.682
"GRADO EN EDIFICACIÓN","2012-13","1","JUN","Selectividad","D","CÁCERES","(1990.0, 1995.0]",0,"N",0.5555555555555556,0.1111111111111111,6.9
"GRADO EN EDIFICACIÓN","2012-13","1","JUN","Selectividad","H","PLASENCIA","(1990.0, 1995.0]",1,"S",0.5,0,5.642
"GRADO EN EDIFICACIÓN","2012-13","0","JUN","Selectividad","H","CÁCERES","(1990.0, 1995.0]",0,"S",0.2857142857142857,0.5714285714285714,8.46
"GRADO EN EDIFICACIÓN","2012-13","0","JUN","Formación Profesional","H","BADAJOZ","(1985.0, 1990.0]",1,"N",0.4444444444444444,0.2222222222222222,5.18
"GRADO EN EDIFICACIÓN","2012-13","1","JUN","Selectividad","D","VALLE DE LA SERENA","(1990.0, 1995.0]",1,"S",0.2222222222222222,0.2222222222222222,5.564
"GRADO EN EDIFICACIÓN","2012-13","0","JUN","Selectividad","H","BADAJOZ","(1990.0, 1995.0]",0,"S",0.2857142857142857,0.5714285714285714,9.524
"GRADO EN EDIFICACIÓN","2012-13","1","JUN","Formación Profesional","H","CÁCERES","(1985.0, 1990.0]",1,"N",0.7272727272727273,0.0909090909090909,6.38
"GRADO EN EDIFICACIÓN","2012-13","0","JUN","Selectividad","H","GUADALUPE","(1990.0, 1995.0]",0,"S",0.2222222222222222,0.2222222222222222,7.29
"GRADO EN EDIFICACIÓN","2012-13","0","JUN","Selectividad","D","PLASENCIA","(1990.0, 1995.0]",0,"N",0.4,0.3,6.504
"GRADO EN EDIFICACIÓN","2012-13","0","JUN","Formación Profesional","H","CASTUERA","(1985.0, 1990.0]",1,"S",0.2727272727272727,0.3636363636363636,5.5
"GRADO EN EDIFICACIÓN","2012-13","0","JUN","Selectividad","D","MADRID","(1990.0, 1995.0]",1,"N",0.4,0.1,5.671
"GRADO EN EDIFICACIÓN","2012-13","0","SEP","Selectividad","H","CÁCERES","(1990.0, 1995.0]",1,"N",0.3333333333333333,0.2222222222222222,7.086
"GRADO EN EDIFICACIÓN","2012-13","0","SEP","Selectividad","D","CABEZA DEL BUEY","(1990.0, 1995.0]",0,"S",0.4,0.2,7.242
"GRADO EN EDIFICACIÓN","2012-13","1","SEP","Selectividad","H","CÁCERES","(1990.0, 1995.0]",1,"S",0.3333333333333333,0.2222222222222222,6.778
"GRADO EN EDIFICACIÓN","2012-13","0","SEP","Selectividad","H","CABEZA DEL BUEY","(1990.0, 1995.0]",0,"N",0.2222222222222222,0.3333333333333333,5.118
"GRADO EN EDIFICACIÓN","2012-13","1","SEP","Selectividad","D","MONTIJO","(1990.0, 1995.0]",1,"N",0.5,0,7.124
"GRADO EN EDIFICACIÓN","2012-13","0","SEP","Selectividad","D","CAMPANARIO","(1990.0, 1995.0]",1,"N",0.5555555555555556,0.2222222222222222,6.228
"GRADO EN EDIFICACIÓN","2012-13","1","SEP","Selectividad","D","PLASENCIA","(1985.0, 1990.0]",1,"N",0.9,0,6.464
"GRADO EN EDIFICACIÓN","2012-13","1","ENE","Formación Profesional","D","CÁCERES","(1985.0, 1990.0]",1,"N",0.7,0,5.5
"GRADO EN EDIFICACIÓN","2012-13","1","SEP","Formación Profesional","H","CORIA","(1985.0, 1990.0]",1,"N",0.625,0.25,6.42
"GRADO EN EDIFICACIÓN","2012-13","0","SEP","Selectividad","D","MALPARTIDA DE CÁCERES","(1990.0, 1995.0]",1,"S",0.3333333333333333,0.6666666666666666,8.6
"GRADO EN EDIFICACIÓN","2012-13","0","SEP","Selectividad","H","QUINTANA DE LA SERENA","(1990.0, 1995.0]",1,"S",0.2222222222222222,0.4444444444444444,8.348
"GRADO EN EDIFICACIÓN","2012-13","0","SEP","Selectividad","D","CECLAVÍN","(1990.0, 1995.0]",1,"S",0.2222222222222222,0.2222222222222222,8.268
"GRADO EN EDIFICACIÓN","2012-13","1","JUN","Selectividad","D","BERZOCANA","(1990.0, 1995.0]",1,"N",0.3,0.1,6.124
"GRADO EN EDIFICACIÓN","2012-13","1","SEP","Selectividad","H","MÉRIDA","(1990.0, 1995.0]",1,"S",0,0.5,9.986
"GRADO EN EDIFICACIÓN","2012-13","1","JUN","Formación Profesional","D","BARAKALDO","(1985.0, 1990.0]",1,"N",0.25,0.375,6.3
"GRADO EN EDIFICACIÓN","2012-13","0","SEP","Selectividad","H","CORIA","(1990.0, 1995.0]",1,"S",0.375,0.375,6.076
"GRADO EN EDIFICACIÓN","2012-13","1","SEP","Selectividad","H","MÉRIDA","(1990.0, 1995.0]",1,"N",1,0,5.36
"GRADO EN EDIFICACIÓN","2012-13","1","SEP","Selectividad","H","MÉRIDA","(1990.0, 1995.0]",1,"N",0.3,0,5.092
"GRADO EN EDIFICACIÓN","2013-14","0","JUN","Selectividad","D","CÁCERES","(1990.0, 1995.0]",1,"S",0.375,0.375,5.8
"GRADO EN EDIFICACIÓN","2013-14","1","JUN","Selectividad","D","FUENTE DEL MAESTRE","(1990.0, 1995.0]",0,"N",0.4444444444444444,0.1111111111111111,6.204
"GRADO EN EDIFICACIÓN","2013-14","0","JUN","Selectividad","H","ZAFRA","(1990.0, 1995.0]",1,"N",0.2857142857142857,0.4285714285714285,5.724
"GRADO EN EDIFICACIÓN","2013-14","0","JUN","Selectividad","D","BERLANGA","(1990.0, 1995.0]",0,"S",0.2857142857142857,0.4285714285714285,5.976
"GRADO EN EDIFICACIÓN","2013-14","0","JUN","Selectividad","H","MONTERRUBIO DE LA SERENA","(1990.0, 1995.0]",0,"S",0.2222222222222222,0.3333333333333333,8.546
"GRADO EN EDIFICACIÓN","2013-14","0","JUN","Selectividad","D","ACEUCHAL","(1990.0, 1995.0]",0,"N",0,0.4285714285714285,5.34
"GRADO EN EDIFICACIÓN","2013-14","0","JUN","Selectividad","H","JEREZ DE LOS CABALLEROS","(1990.0, 1995.0]",0,"S",0.25,0.375,6.926
"GRADO EN EDIFICACIÓN","2013-14","0","JUN","Selectividad","D","CABEZA DEL BUEY","(1990.0, 1995.0]",0,"S",0.2222222222222222,0.3333333333333333,6.55
"GRADO EN EDIFICACIÓN","2013-14","1","JUN","Selectividad","H","ZALAMEA DE LA SERENA","(1990.0, 1995.0]",1,"S",0.5,0.1,6.808
"GRADO EN EDIFICACIÓN","2013-14","0","JUN","Formación Profesional","H","MÉRIDA","(1990.0, 1995.0]",1,"S",0.2222222222222222,0.2222222222222222,7
"GRADO EN EDIFICACIÓN","2013-14","1","JUN","Formación Profesional","H","CÁCERES","(1985.0, 1990.0]",1,"N",0.1666666666666666,0.6666666666666666,7.77
"GRADO EN EDIFICACIÓN","2013-14","1","JUN","Selectividad","H","DON BENITO","(1990.0, 1995.0]",0,"N",1,0,9.032
"GRADO EN EDIFICACIÓN","2013-14","0","JUN","Selectividad","H","BADAJOZ","(1985.0, 1990.0]",1,"N",0.5555555555555556,0.2222222222222222,5.73
"GRADO EN EDIFICACIÓN","2013-14","0","SEP","Selectividad","D","LAS PALMAS DE GRAN CANARIA","(1990.0, 1995.0]",0,"N",0.5,0.2,5.421
"GRADO EN EDIFICACIÓN","2013-14","1","JUN","Formación Profesional","H","GRANOLLERS","(1990.0, 1995.0]",1,"S",0.7777777777777778,0.1111111111111111,6.23
"GRADO EN EDIFICACIÓN","2013-14","0","JUN","Formación Profesional","H","BADAJOZ","(1990.0, 1995.0]",1,"N",0.25,0.25,5.13
"GRADO EN EDIFICACIÓN","2013-14","1","JUN","Selectividad","H","VILLAFRANCA DE LOS BARROS","(1990.0, 1995.0]",1,"N",0.9,0,5.468
"GRADO EN EDIFICACIÓN","2013-14","0","JUN","Formación Profesional","H","BADAJOZ","(1985.0, 1990.0]",1,"S",0.2,0.4,6.5
"GRADO EN EDIFICACIÓN","2013-14","1","JUN","Formación Profesional","H","CORIA","(1990.0, 1995.0]",1,"N",0.5,0.25,6.54
"GRADO EN EDIFICACIÓN","2013-14","1","JUN","Formación Profesional","H","CASATEJADA","(1990.0, 1995.0]",0,"S",0.5,0,7.77
"GRADO EN EDIFICACIÓN","2013-14","0","JUN","Formación Profesional","H","ZALAMEA DE LA SERENA","(1985.0, 1990.0]",1,"S",0.25,0.375,6.54
"GRADO EN EDIFICACIÓN","2013-14","0","JUN","Selectividad","H","DON BENITO","(1990.0, 1995.0]",0,"S",0,0.4285714285714285,7.782
"GRADO EN EDIFICACIÓN","2013-14","1","JUN","Selectividad","H","CÁCERES","(1990.0, 1995.0]",1,"N",0.5,0.1,8.148
"GRADO EN EDIFICACIÓN","2013-14","1","JUN","Selectividad","H","BADAJOZ","(1990.0, 1995.0]",1,"N",0.8,0,5.382
"GRADO EN EDIFICACIÓN","2013-14","1","SEP","Selectividad","H","MIRANDILLA","(1990.0, 1995.0]",1,"S",1,0,6.86
"GRADO EN EDIFICACIÓN","2013-14","0","JUN","Formación Profesional","H","QUINTANA DE LA SERENA","(1990.0, 1995.0]",1,"S",0.6666666666666666,0.3333333333333333,6.15
"GRADO EN EDIFICACIÓN","2013-14","1","SEP","Selectividad","H","OLIVA DE LA FRONTERA","(1990.0, 1995.0]",1,"S",0.6666666666666666,0.1111111111111111,6.583
"GRADO EN EDIFICACIÓN","2014-15","1","SEP","Formación Profesional","H","MATARÓ","(1990.0, 1995.0]",1,"N",0.2857142857142857,0.1428571428571428,5.77
"GRADO EN EDIFICACIÓN","2014-15","1","JUN","Formación Profesional","H","CORIA","(1990.0, 1995.0]",1,"S",0.6666666666666666,0.1111111111111111,6.82
"GRADO EN EDIFICACIÓN","2014-15","1","JUN","Selectividad","H","BADAJOZ","(1995.0, 2000.0]",0,"S",0.2857142857142857,0.4285714285714285,10.072
"GRADO EN EDIFICACIÓN","2014-15","0","JUN","Selectividad","H","MALPARTIDA DE CÁCERES","(1995.0, 2000.0]",0,"N",0.3333333333333333,0.3333333333333333,6.96
"GRADO EN EDIFICACIÓN","2014-15","1","JUN","Formación Profesional","H","SANTA AMALIA","(1990.0, 1995.0]",1,"N",0.3333333333333333,0.2222222222222222,5.85
"GRADO EN EDIFICACIÓN","2014-15","1","JUN","Selectividad","H","CORIA","(1995.0, 2000.0]",1,"S",0,0.5714285714285714,6.578
"GRADO EN EDIFICACIÓN","2014-15","0","JUN","Selectividad","H","VILLAFRANCA DE LOS BARROS","(1995.0, 2000.0]",0,"N",0,0.7142857142857143,8.458
"GRADO EN EDIFICACIÓN","2014-15","0","JUN","Selectividad","H","CÁCERES","(1995.0, 2000.0]",0,"S",0.4285714285714285,0.5714285714285714,9.522
"GRADO EN EDIFICACIÓN","2014-15","1","JUN","Formación Profesional","H","BADAJOZ","(1990.0, 1995.0]",1,"N",0.3,0.2,6.23
"GRADO EN EDIFICACIÓN","2014-15","1","SEP","Selectividad","D","MÉRIDA","(1990.0, 1995.0]",1,"N",0.5,0.25,5.526
"GRADO EN EDIFICACIÓN","2014-15","1","JUN","Selectividad","H","CAÑAVERAL","(1995.0, 2000.0]",1,"N",0.8,0,6.444
"GRADO EN EDIFICACIÓN","2014-15","0","JUN","Selectividad","D","CASAS DE DON PEDRO","(1995.0, 2000.0]",0,"S",0,0.1111111111111111,7.072
"GRADO EN EDIFICACIÓN","2014-15","0","JUN","Selectividad","H","CÁCERES","(1995.0, 2000.0]",0,"S",0.125,0.25,8.574
"GRADO EN EDIFICACIÓN","2014-15","0","JUN","Selectividad","H","MORALEJA","(1995.0, 2000.0]",0,"N",0.3333333333333333,0.6666666666666666,6.008
"GRADO EN EDIFICACIÓN","2014-15","0","JUN","Selectividad","D","CORIA","(1990.0, 1995.0]",1,"N",0.4,0.1,6.611
"GRADO EN EDIFICACIÓN","2014-15","1","JUN","Formación Profesional","H","SANTA AMALIA","(1985.0, 1990.0]",1,"S",0.5,0.375,6.46
"GRADO EN EDIFICACIÓN","2014-15","1","JUN","Formación Profesional","H","ACEITUNA","(1990.0, 1995.0]",1,"N",0.8888888888888888,0.1111111111111111,6.46
"GRADO EN EDIFICACIÓN","2014-15","1","JUN","Formación Profesional","H","PLASENCIA","(1990.0, 1995.0]",1,"N",0.625,0,5.38
"GRADO EN EDIFICACIÓN","2014-15","0","EXT","Selectividad","H","VILLAR DEL PEDROSO","(1995.0, 2000.0]",0,"N",0.3,0,7.806
"GRADO EN EDIFICACIÓN","2014-15","0","EXT","Selectividad","H","MÉRIDA","(1995.0, 2000.0]",1,"S",0.375,0.25,6.718
"GRADO EN EDIFICACIÓN","2014-15","1","JUN","Selectividad","H","CÁCERES","(1990.0, 1995.0]",1,"N",0.6,0.1,6.596
"GRADO EN EDIFICACIÓN","2014-15","1","SEP","Selectividad","H","CÁCERES","(1990.0, 1995.0]",1,"N",0.5714285714285714,0.4285714285714285,6.47
"GRADO EN EDIFICACIÓN","2015-16","1","JUN","Selectividad","H","CASAS DE DON PEDRO","(1995.0, 2000.0]",0,"S",0.5555555555555556,0.1111111111111111,7.974
"GRADO EN EDIFICACIÓN","2015-16","0","JUN","Selectividad","D","ACEUCHAL","(1995.0, 2000.0]",0,"S",0.1666666666666666,0.8333333333333334,7.978
"GRADO EN EDIFICACIÓN","2015-16","1","EXT","Selectividad","H","CÁCERES","(1995.0, 2000.0]",1,"N",0.6,0,5.09
"GRADO EN EDIFICACIÓN","2015-16","1","EXT","Selectividad","H","CÁCERES","(1995.0, 2000.0]",1,"N",0.1428571428571428,0.4285714285714285,5.206
"GRADO EN EDIFICACIÓN","2015-16","0","EXT","Selectividad","H","TALAYUELA","(1995.0, 2000.0]",0,"S",0.125,0.5,6.75
"GRADO EN EDIFICACIÓN","2015-16","1","SEP","Formación Profesional","H","MALPARTIDA DE CÁCERES","(1985.0, 1990.0]",1,"N",0.375,0.125,5.85
"GRADO EN EDIFICACIÓN","2016-17","0","JUN","Selectividad","D","SIERRA DE FUENTES","(1995.0, 2000.0]",0,"S",0,0.4444444444444444,8.4
"GRADO EN EDIFICACIÓN","2016-17","0","JUN","Selectividad","H","CÁCERES","(1995.0, 2000.0]",0,"N",0.125,0.5,9.668
"GRADO EN EDIFICACIÓN","2016-17","0","JUN","Selectividad","D","TALAYUELA","(1995.0, 2000.0]",0,"S",0,0.625,5.836
"GRADO EN EDIFICACIÓN","2016-17","0","JUN","Selectividad","D","BÉJAR","(1995.0, 2000.0]",1,"N",0,0.5714285714285714,5.691
"GRADO EN EDIFICACIÓN","2016-17","0","EXT","Selectividad","H","GARROVILLAS DE ALCONÉTAR","(1995.0, 2000.0]",0,"N",0.2,0.1,5.368
"GRADO EN EDIFICACIÓN","2016-17","0","EXT","Selectividad","D","MIAJADAS","(1995.0, 2000.0]",0,"S",0.125,0.625,7.674
"GRADO EN EDIFICACIÓN","2016-17","1","EXT","Selectividad","H","CÁCERES","(1990.0, 1995.0]",1,"N",0.5555555555555556,0.1111111111111111,5.152
"GRADO EN EDIFICACIÓN","2016-17","1","JUN","Selectividad","H","ALCONCHEL","(1995.0, 2000.0]",1,"S",0,0.3333333333333333,5.816
"GRADO EN INGENIERÍA INFORMÁTICA EN INGENIERÍA DE COMPUTADORES","2010-11","1","JUN","Selectividad","H","RISCO","(1990.0, 1995.0]",1,"S",1,0,7.322
"GRADO EN INGENIERÍA INFORMÁTICA EN INGENIERÍA DE COMPUTADORES","2010-11","1","JUN","Selectividad","H","CÁCERES","(1990.0, 1995.0]",0,"S",0,1,9.456
"GRADO EN INGENIERÍA INFORMÁTICA EN INGENIERÍA DE COMPUTADORES","2010-11","1","JUN","Selectividad","H","PUEBLA DE LA CALZADA","(1990.0, 1995.0]",1,"S",0.6,0,6.974
"GRADO EN INGENIERÍA INFORMÁTICA EN INGENIERÍA DE COMPUTADORES","2010-11","1","JUN","Selectividad","D","QUINTANA DE LA SERENA","(1990.0, 1995.0]",1,"S",0.5,0,6.266
"GRADO EN INGENIERÍA INFORMÁTICA EN INGENIERÍA DE COMPUTADORES","2010-11","1","JUN","Selectividad","H","CASTILBLANCO","(1990.0, 1995.0]",1,"S",0,0.7142857142857143,7.389
"GRADO EN INGENIERÍA INFORMÁTICA EN INGENIERÍA DE COMPUTADORES","2010-11","1","SEP","Selectividad","H","NAVALMORAL DE LA MATA","(1990.0, 1995.0]",1,"N",0.4444444444444444,0.1111111111111111,5.822
"GRADO EN INGENIERÍA INFORMÁTICA EN INGENIERÍA DE COMPUTADORES","2010-11","1","SEP","Selectividad","H","NAVALMORAL DE LA MATA","(1990.0, 1995.0]",1,"S",0.5,0,5.722
"GRADO EN INGENIERÍA INFORMÁTICA EN INGENIERÍA DE COMPUTADORES","2010-11","1","SEP","Selectividad","H","MADRID","(1985.0, 1990.0]",1,"N",0.8,0,5.02
"GRADO EN INGENIERÍA INFORMÁTICA EN INGENIERÍA DE COMPUTADORES","2010-11","1","JUN","Formación Profesional","H","BADAJOZ","(1985.0, 1990.0]",1,"N",0.7,0,6
"GRADO EN INGENIERÍA INFORMÁTICA EN INGENIERÍA DE COMPUTADORES","2011-12","1","JUN","Selectividad","H","BADAJOZ","(1990.0, 1995.0]",1,"S",0.6,0,6.368
"GRADO EN INGENIERÍA INFORMÁTICA EN INGENIERÍA DE COMPUTADORES","2011-12","1","JUN","Formación Profesional","H","MONTEHERMOSO","(1985.0, 1990.0]",1,"S",1,0,6.82
"GRADO EN INGENIERÍA INFORMÁTICA EN INGENIERÍA DE COMPUTADORES","2011-12","1","JUN","Selectividad","H","BADAJOZ","(1990.0, 1995.0]",1,"S",0.8,0,6.16
"GRADO EN INGENIERÍA INFORMÁTICA EN INGENIERÍA DE COMPUTADORES","2011-12","1","JUN","Selectividad","H","NAVALMORAL DE LA MATA","(1990.0, 1995.0]",1,"S",0.9,0,5.796
"GRADO EN INGENIERÍA INFORMÁTICA EN INGENIERÍA DE COMPUTADORES","2011-12","1","JUN","Selectividad","H","BADAJOZ","(1990.0, 1995.0]",1,"S",0.3,0,6.918
"GRADO EN INGENIERÍA INFORMÁTICA EN INGENIERÍA DE COMPUTADORES","2011-12","1","JUN","Selectividad","H","BADAJOZ","(1990.0, 1995.0]",1,"N",0.8,0.1,5.676
"GRADO EN INGENIERÍA INFORMÁTICA EN INGENIERÍA DE COMPUTADORES","2011-12","1","JUN","Selectividad","H","TORRE DE MIGUEL SESMERO","(1990.0, 1995.0]",1,"N",0.9,0,5.968
"GRADO EN INGENIERÍA INFORMÁTICA EN INGENIERÍA DE COMPUTADORES","2011-12","1","SEP","Selectividad","H","CÁCERES","(1990.0, 1995.0]",1,"S",0.2,0.1,5.806
"GRADO EN INGENIERÍA INFORMÁTICA EN INGENIERÍA DE COMPUTADORES","2011-12","1","SEP","Selectividad","H","MONTÁNCHEZ","(1990.0, 1995.0]",1,"S",0.5,0.1,6.536
"GRADO EN INGENIERÍA INFORMÁTICA EN INGENIERÍA DE COMPUTADORES","2011-12","1","SEP","Selectividad","H","CORIA","(1990.0, 1995.0]",1,"N",0.8,0.1,7.11
"GRADO EN INGENIERÍA INFORMÁTICA EN INGENIERÍA DE COMPUTADORES","2011-12","0","SEP","Selectividad","H","CÁCERES","(1985.0, 1990.0]",1,"N",0.2,0.2,6.192
"GRADO EN INGENIERÍA INFORMÁTICA EN INGENIERÍA DE COMPUTADORES","2011-12","1","SEP","Selectividad","H","ZAFRA","(1990.0, 1995.0]",1,"S",0.2,0,6.49
"GRADO EN INGENIERÍA INFORMÁTICA EN INGENIERÍA DE COMPUTADORES","2011-12","1","SEP","Selectividad","H","CÁCERES","(1990.0, 1995.0]",1,"S",0.1111111111111111,0.1111111111111111,7.504
"GRADO EN INGENIERÍA INFORMÁTICA EN INGENIERÍA DE COMPUTADORES","2011-12","1","JUN","Selectividad","H","CORIA","(1990.0, 1995.0]",1,"N",0.8571428571428571,0,5.72
"GRADO EN INGENIERÍA INFORMÁTICA EN INGENIERÍA DE COMPUTADORES","2011-12","1","SEP","Selectividad","H","BADAJOZ","(1990.0, 1995.0]",1,"N",1,0,5.33
"GRADO EN INGENIERÍA INFORMÁTICA EN INGENIERÍA DE COMPUTADORES","2011-12","1","SEP","Selectividad","H","PLASENCIA","(1990.0, 1995.0]",1,"N",0.9,0,5.04
"GRADO EN INGENIERÍA INFORMÁTICA EN INGENIERÍA DE COMPUTADORES","2011-12","1","SEP","Selectividad","H","ORELLANA LA VIEJA","(1990.0, 1995.0]",1,"N",1,0,5.206
"GRADO EN INGENIERÍA INFORMÁTICA EN INGENIERÍA DE COMPUTADORES","2011-12","1","SEP","Selectividad","H","MONTIJO","(1990.0, 1995.0]",1,"S",0.6,0,6.506
"GRADO EN INGENIERÍA INFORMÁTICA EN INGENIERÍA DE COMPUTADORES","2011-12","1","SEP","Selectividad","H","BADAJOZ","(1990.0, 1995.0]",1,"N",0.8,0,5.154
"GRADO EN INGENIERÍA INFORMÁTICA EN INGENIERÍA DE COMPUTADORES","2012-13","0","JUN","Selectividad","H","MADRID","(1990.0, 1995.0]",0,"S",0,0.8333333333333334,9.144
"GRADO EN INGENIERÍA INFORMÁTICA EN INGENIERÍA DE COMPUTADORES","2012-13","1","JUN","Selectividad","H","HERGUIJUELA","(1990.0, 1995.0]",1,"S",0,0.5,8.33
"GRADO EN INGENIERÍA INFORMÁTICA EN INGENIERÍA DE COMPUTADORES","2012-13","1","JUN","Selectividad","D","BADAJOZ","(1990.0, 1995.0]",1,"N",0,0.375,7.482
"GRADO EN INGENIERÍA INFORMÁTICA EN INGENIERÍA DE COMPUTADORES","2012-13","0","JUN","Selectividad","H","PALENCIA","(1980.0, 1985.0]",0,"N",0.2222222222222222,0.2222222222222222,6.186
"GRADO EN INGENIERÍA INFORMÁTICA EN INGENIERÍA DE COMPUTADORES","2012-13","1","SEP","Selectividad","H","PLASENCIA","(1985.0, 1990.0]",1,"N",0.75,0.25,5.61
"GRADO EN INGENIERÍA INFORMÁTICA EN INGENIERÍA DE COMPUTADORES","2012-13","0","JUN","Selectividad","H","MÉRIDA","(1990.0, 1995.0]",1,"N",0,1,8.64
"GRADO EN INGENIERÍA INFORMÁTICA EN INGENIERÍA DE COMPUTADORES","2012-13","0","JUN","Formación Profesional","H","BADAJOZ","(1990.0, 1995.0]",1,"S",0.3,0,7
"GRADO EN INGENIERÍA INFORMÁTICA EN INGENIERÍA DE COMPUTADORES","2012-13","0","JUN","Selectividad","H","NAVALMORAL DE LA MATA","(1990.0, 1995.0]",1,"N",0.5555555555555556,0.2222222222222222,6.064
"GRADO EN INGENIERÍA INFORMÁTICA EN INGENIERÍA DE COMPUTADORES","2012-13","0","SEP","Selectividad","H","ALISEDA","(1990.0, 1995.0]",1,"N",0,0.8,5.846
"GRADO EN INGENIERÍA INFORMÁTICA EN INGENIERÍA DE COMPUTADORES","2012-13","0","JUN","Selectividad","D","BADAJOZ","(1990.0, 1995.0]",0,"S",0,0.8333333333333334,9.494
"GRADO EN INGENIERÍA INFORMÁTICA EN INGENIERÍA DE COMPUTADORES","2012-13","1","JUN","Formación Profesional","H","PLASENCIA","(1985.0, 1990.0]",1,"S",0.5714285714285714,0.1428571428571428,8.15
"GRADO EN INGENIERÍA INFORMÁTICA EN INGENIERÍA DE COMPUTADORES","2012-13","1","JUN","Selectividad","H","CASAS DE DON PEDRO","(1990.0, 1995.0]",1,"S",0,0.8333333333333334,7.904
"GRADO EN INGENIERÍA INFORMÁTICA EN INGENIERÍA DE COMPUTADORES","2012-13","1","JUN","Selectividad","H","CALERA Y CHOZAS","(1990.0, 1995.0]",1,"S",0.5,0,7.185
"GRADO EN INGENIERÍA INFORMÁTICA EN INGENIERÍA DE COMPUTADORES","2012-13","1","JUN","Selectividad","H","CÁCERES","(1990.0, 1995.0]",1,"S",0.1,0.1,6.454
"GRADO EN INGENIERÍA INFORMÁTICA EN INGENIERÍA DE COMPUTADORES","2012-13","1","JUN","Formación Profesional","H","DON BENITO","(1985.0, 1990.0]",1,"S",0.625,0,8.08
"GRADO EN INGENIERÍA INFORMÁTICA EN INGENIERÍA DE COMPUTADORES","2012-13","1","JUN","Formación Profesional","H","ZARZA DE ALANGE","(1990.0, 1995.0]",1,"S",0.1111111111111111,0.1111111111111111,6.62
"GRADO EN INGENIERÍA INFORMÁTICA EN INGENIERÍA DE COMPUTADORES","2012-13","1","JUN","Formación Profesional","H","VILLAR DE RENA","(1985.0, 1990.0]",1,"S",0.625,0,6.23
"GRADO EN INGENIERÍA INFORMÁTICA EN INGENIERÍA DE COMPUTADORES","2012-13","0","JUN","Selectividad","H","DON BENITO","(1990.0, 1995.0]",1,"S",0,1,8.314
"GRADO EN INGENIERÍA INFORMÁTICA EN INGENIERÍA DE COMPUTADORES","2012-13","1","JUN","Selectividad","H","MÉRIDA","(1990.0, 1995.0]",1,"S",0.5,0,5.676
"GRADO EN INGENIERÍA INFORMÁTICA EN INGENIERÍA DE COMPUTADORES","2012-13","1","JUN","Selectividad","H","MÉRIDA","(1990.0, 1995.0]",1,"S",0.3333333333333333,0.2222222222222222,6.178
"GRADO EN INGENIERÍA INFORMÁTICA EN INGENIERÍA DE COMPUTADORES","2012-13","1","JUN","Selectividad","H","MÉRIDA","(1990.0, 1995.0]",1,"N",0.2,0.1,5.96
"GRADO EN INGENIERÍA INFORMÁTICA EN INGENIERÍA DE COMPUTADORES","2012-13","0","JUN","Selectividad","H","GUADALUPE","(1990.0, 1995.0]",0,"S",0,0.8333333333333334,7.778
"GRADO EN INGENIERÍA INFORMÁTICA EN INGENIERÍA DE COMPUTADORES","2012-13","1","JUN","Selectividad","H","MADRID","(1990.0, 1995.0]",1,"S",0.375,0.25,5.872
"GRADO EN INGENIERÍA INFORMÁTICA EN INGENIERÍA DE COMPUTADORES","2012-13","0","JUN","Selectividad","H","ALCUÉSCAR","(1990.0, 1995.0]",1,"N",0.1,0.2,5.465
"GRADO EN INGENIERÍA INFORMÁTICA EN INGENIERÍA DE COMPUTADORES","2012-13","0","JUN","Selectividad","H","BARCARROTA","(1990.0, 1995.0]",0,"N",0.25,0.25,9.078
"GRADO EN INGENIERÍA INFORMÁTICA EN INGENIERÍA DE COMPUTADORES","2012-13","1","JUN","Selectividad","H","BADAJOZ","(1990.0, 1995.0]",1,"S",1,0,6.068
"GRADO EN INGENIERÍA INFORMÁTICA EN INGENIERÍA DE COMPUTADORES","2012-13","0","JUN","Selectividad","H","VALENCIA DE ALCÁNTARA","(1990.0, 1995.0]",1,"N",0.7,0.1,5.318
"GRADO EN INGENIERÍA INFORMÁTICA EN INGENIERÍA DE COMPUTADORES","2012-13","1","JUN","Selectividad","D","CÁCERES","(1990.0, 1995.0]",1,"N",0.2222222222222222,0.2222222222222222,7.046
"GRADO EN INGENIERÍA INFORMÁTICA EN INGENIERÍA DE COMPUTADORES","2012-13","1","JUN","Selectividad","H","CÁCERES","(1990.0, 1995.0]",1,"S",0.2222222222222222,0.3333333333333333,7.278
"GRADO EN INGENIERÍA INFORMÁTICA EN INGENIERÍA DE COMPUTADORES","2012-13","1","JUN","Formación Profesional","H","BADAJOZ","(1985.0, 1990.0]",1,"S",0.3,0,6.14
"GRADO EN INGENIERÍA INFORMÁTICA EN INGENIERÍA DE COMPUTADORES","2012-13","1","JUN","Formación Profesional","H","TALAVERA DE LA REINA","(1990.0, 1995.0]",1,"S",1,0,8.15
"GRADO EN INGENIERÍA INFORMÁTICA EN INGENIERÍA DE COMPUTADORES","2012-13","1","JUN","Formación Profesional","H","NAVALMORAL DE LA MATA","(1990.0, 1995.0]",1,"S",1,0,6.85
"GRADO EN INGENIERÍA INFORMÁTICA EN INGENIERÍA DE COMPUTADORES","2012-13","1","JUN","Selectividad","H","NAVALMORAL DE LA MATA","(1985.0, 1990.0]",1,"N",0.9,0,5.53
"GRADO EN INGENIERÍA INFORMÁTICA EN INGENIERÍA DE COMPUTADORES","2012-13","1","JUN","Selectividad","D","MÉRIDA","(1990.0, 1995.0]",1,"N",0.25,0.0833333333333333,6.704
"GRADO EN INGENIERÍA INFORMÁTICA EN INGENIERÍA DE COMPUTADORES","2012-13","1","JUN","Selectividad","H","GUAREÑA","(1990.0, 1995.0]",1,"S",0.3,0,6.794
"GRADO EN INGENIERÍA INFORMÁTICA EN INGENIERÍA DE COMPUTADORES","2012-13","1","JUN","Selectividad","H","ACEUCHAL","(1990.0, 1995.0]",1,"N",0.9,0,5.232
"GRADO EN INGENIERÍA INFORMÁTICA EN INGENIERÍA DE COMPUTADORES","2012-13","1","JUN","Selectividad","H","DON BENITO","(1990.0, 1995.0]",1,"N",1,0,5.124
"GRADO EN INGENIERÍA INFORMÁTICA EN INGENIERÍA DE COMPUTADORES","2012-13","1","SEP","Selectividad","H","CÁCERES","(1990.0, 1995.0]",1,"N",0.5,0,6.582
"GRADO EN INGENIERÍA INFORMÁTICA EN INGENIERÍA DE COMPUTADORES","2012-13","1","JUN","Selectividad","H","CÁCERES","(1985.0, 1990.0]",1,"N",0.7,0,5
"GRADO EN INGENIERÍA INFORMÁTICA EN INGENIERÍA DE COMPUTADORES","2012-13","1","JUN","Selectividad","H","CÁCERES","(1990.0, 1995.0]",0,"N",0,0.8333333333333334,11.01
"GRADO EN INGENIERÍA INFORMÁTICA EN INGENIERÍA DE COMPUTADORES","2012-13","0","SEP","Selectividad","H","MONESTERIO","(1990.0, 1995.0]",0,"S",0,0.8333333333333334,9.306
"GRADO EN INGENIERÍA INFORMÁTICA EN INGENIERÍA DE COMPUTADORES","2012-13","1","SEP","Selectividad","H","CÁCERES","(1990.0, 1995.0]",1,"N",0.4,0.1,6.498
"GRADO EN INGENIERÍA INFORMÁTICA EN INGENIERÍA DE COMPUTADORES","2012-13","0","SEP","Selectividad","H","MÉRIDA","(1990.0, 1995.0]",1,"N",0.2,0.1,7.982
"GRADO EN INGENIERÍA INFORMÁTICA EN INGENIERÍA DE COMPUTADORES","2012-13","1","JUN","Selectividad","H","CÁCERES","(1990.0, 1995.0]",1,"N",0.875,0,5.3
"GRADO EN INGENIERÍA INFORMÁTICA EN INGENIERÍA DE COMPUTADORES","2012-13","1","SEP","Selectividad","H","CÁCERES","(1990.0, 1995.0]",1,"N",0.6,0,6.45
"GRADO EN INGENIERÍA INFORMÁTICA EN INGENIERÍA DE COMPUTADORES","2012-13","1","SEP","Selectividad","H","BADAJOZ","(1990.0, 1995.0]",1,"S",0.3,0,6.54
"GRADO EN INGENIERÍA INFORMÁTICA EN INGENIERÍA DE COMPUTADORES","2012-13","1","JUN","Selectividad","H","BADAJOZ","(1990.0, 1995.0]",1,"S",0.5,0,5.96
"GRADO EN INGENIERÍA INFORMÁTICA EN INGENIERÍA DE COMPUTADORES","2012-13","1","SEP","Selectividad","H","CÁCERES","(1990.0, 1995.0]",1,"N",0.3,0.1,6.384
"GRADO EN INGENIERÍA INFORMÁTICA EN INGENIERÍA DE COMPUTADORES","2012-13","1","SEP","Selectividad","H","BADAJOZ","(1990.0, 1995.0]",1,"N",0.2222222222222222,0.1111111111111111,7.808
"GRADO EN INGENIERÍA INFORMÁTICA EN INGENIERÍA DE COMPUTADORES","2012-13","1","SEP","Selectividad","H","VILLANUEVA DE LA SERENA","(1990.0, 1995.0]",1,"N",0.6,0,5.032
"GRADO EN INGENIERÍA INFORMÁTICA EN INGENIERÍA DE COMPUTADORES","2012-13","1","SEP","Selectividad","H","VILLANUEVA DE LA SERENA","(1990.0, 1995.0]",1,"N",0.4,0,5.018
"GRADO EN INGENIERÍA INFORMÁTICA EN INGENIERÍA DE COMPUTADORES","2012-13","1","JUN","Selectividad","H","BADAJOZ","(1985.0, 1990.0]",1,"N",0.4444444444444444,0.2222222222222222,6.24
"GRADO EN INGENIERÍA INFORMÁTICA EN INGENIERÍA DE COMPUTADORES","2012-13","0","SEP","Selectividad","H","DON BENITO","(1990.0, 1995.0]",1,"S",0.2222222222222222,0.1111111111111111,6.324
"GRADO EN INGENIERÍA INFORMÁTICA EN INGENIERÍA DE COMPUTADORES","2012-13","1","JUN","Selectividad","H","VILLAR DEL REY","(1990.0, 1995.0]",1,"N",1,0,6.978
"GRADO EN INGENIERÍA INFORMÁTICA EN INGENIERÍA DE COMPUTADORES","2012-13","0","JUN","Selectividad","H","LOS SANTOS DE MAIMONA","(1985.0, 1990.0]",1,"N",0.1666666666666666,0.5,5.91
"GRADO EN INGENIERÍA INFORMÁTICA EN INGENIERÍA DE COMPUTADORES","2012-13","1","JUN","Selectividad","H","CORIA","(1990.0, 1995.0]",1,"N",0.6,0,5.25
"GRADO EN INGENIERÍA INFORMÁTICA EN INGENIERÍA DE COMPUTADORES","2012-13","1","SEP","Selectividad","H","BADAJOZ","(1985.0, 1990.0]",1,"N",0.875,0,6.43
"GRADO EN INGENIERÍA INFORMÁTICA EN INGENIERÍA DE COMPUTADORES","2012-13","1","JUN","Selectividad","H","CÁCERES","(1990.0, 1995.0]",1,"N",0.9,0,5.758
"GRADO EN INGENIERÍA INFORMÁTICA EN INGENIERÍA DE COMPUTADORES","2012-13","0","JUN","Selectividad","H","LOS SANTOS DE MAIMONA","(1990.0, 1995.0]",1,"N",0.2727272727272727,0.2727272727272727,6.814
"GRADO EN INGENIERÍA INFORMÁTICA EN INGENIERÍA DE COMPUTADORES","2012-13","0","JUN","Selectividad","H","NAVALMORAL DE LA MATA","(1990.0, 1995.0]",1,"S",0.125,0.5,7.31
"GRADO EN INGENIERÍA INFORMÁTICA EN INGENIERÍA DE COMPUTADORES","2012-13","1","SEP","Selectividad","H","BADAJOZ","(1990.0, 1995.0]",1,"N",0.9,0,6.236
"GRADO EN INGENIERÍA INFORMÁTICA EN INGENIERÍA DE COMPUTADORES","2012-13","1","SEP","Selectividad","D","BADAJOZ","(1990.0, 1995.0]",1,"S",0.5,0,5.974
"GRADO EN INGENIERÍA INFORMÁTICA EN INGENIERÍA DE COMPUTADORES","2012-13","1","SEP","Selectividad","H","SALAMANCA","(1990.0, 1995.0]",1,"N",1,0,6.058
"GRADO EN INGENIERÍA INFORMÁTICA EN INGENIERÍA DE COMPUTADORES","2012-13","1","JUN","Selectividad","H","ZARZA DE GRANADILLA","(1990.0, 1995.0]",1,"N",0.875,0,5.431
"GRADO EN INGENIERÍA INFORMÁTICA EN INGENIERÍA DE COMPUTADORES","2012-13","1","SEP","Selectividad","H","BIENVENIDA","(1990.0, 1995.0]",1,"S",1,0,6.206
"GRADO EN INGENIERÍA INFORMÁTICA EN INGENIERÍA DE COMPUTADORES","2012-13","1","SEP","Selectividad","H","CÁCERES","(1990.0, 1995.0]",1,"S",0.8,0,6.182
"GRADO EN INGENIERÍA INFORMÁTICA EN INGENIERÍA DE COMPUTADORES","2012-13","1","SEP","Selectividad","H","CÁCERES","(1990.0, 1995.0]",1,"N",0.8,0,5.701
"GRADO EN INGENIERÍA INFORMÁTICA EN INGENIERÍA DE COMPUTADORES","2012-13","0","SEP","Selectividad","H","CÁCERES","(1990.0, 1995.0]",1,"S",0.2222222222222222,0.3333333333333333,5.736
"GRADO EN INGENIERÍA INFORMÁTICA EN INGENIERÍA DE COMPUTADORES","2012-13","1","SEP","Selectividad","H","CÁCERES","(1990.0, 1995.0]",1,"N",0.4,0.1,5.422
"GRADO EN INGENIERÍA INFORMÁTICA EN INGENIERÍA DE COMPUTADORES","2012-13","1","SEP","Selectividad","H","CALERA Y CHOZAS","(1990.0, 1995.0]",1,"N",0.3,0.2,5.257
"GRADO EN INGENIERÍA INFORMÁTICA EN INGENIERÍA DE COMPUTADORES","2012-13","0","JUN","Selectividad","H","CABEZA DEL BUEY","(1985.0, 1990.0]",0,"N",0,1,7.98
"GRADO EN INGENIERÍA INFORMÁTICA EN INGENIERÍA DE COMPUTADORES","2012-13","1","SEP","Selectividad","D","CÁCERES","(1990.0, 1995.0]",1,"N",1,0,5.464
"GRADO EN INGENIERÍA INFORMÁTICA EN INGENIERÍA DE COMPUTADORES","2012-13","1","JUN","Selectividad","H","PLASENCIA","(1985.0, 1990.0]",1,"N",0.75,0,5.77
"GRADO EN INGENIERÍA INFORMÁTICA EN INGENIERÍA DE COMPUTADORES","2012-13","1","SEP","Selectividad","H","VILLANUEVA DE LA SERENA","(1985.0, 1990.0]",1,"N",1,0,5.19
"GRADO EN INGENIERÍA INFORMÁTICA EN INGENIERÍA DE COMPUTADORES","2013-14","1","SEP","Selectividad","H","BARCELONA","(1990.0, 1995.0]",1,"N",0.5,0.1,5.378
"GRADO EN INGENIERÍA INFORMÁTICA EN INGENIERÍA DE COMPUTADORES","2013-14","0","JUN","Selectividad","D","MADRID","(1990.0, 1995.0]",1,"S",0.3333333333333333,0.0833333333333333,5.6
"GRADO EN INGENIERÍA INFORMÁTICA EN INGENIERÍA DE COMPUTADORES","2013-14","0","JUN","Selectividad","H","GUAREÑA","(1990.0, 1995.0]",1,"S",0.1111111111111111,0.4444444444444444,7.514
"GRADO EN INGENIERÍA INFORMÁTICA EN INGENIERÍA DE COMPUTADORES","2013-14","1","JUN","Selectividad","H","CÁCERES","(1990.0, 1995.0]",1,"S",0,0.8333333333333334,8.296
"GRADO EN INGENIERÍA INFORMÁTICA EN INGENIERÍA DE COMPUTADORES","2013-14","1","SEP","Selectividad","H","BADAJOZ","(1985.0, 1990.0]",1,"N",0.9,0,5.51
"GRADO EN INGENIERÍA INFORMÁTICA EN INGENIERÍA DE COMPUTADORES","2013-14","1","JUN","Selectividad","H","CÁCERES","(1990.0, 1995.0]",1,"S",0.7,0,5.604
"GRADO EN INGENIERÍA INFORMÁTICA EN INGENIERÍA DE COMPUTADORES","2013-14","1","JUN","Selectividad","H","BADAJOZ","(1990.0, 1995.0]",1,"S",0.4444444444444444,0.1111111111111111,7.078
"GRADO EN INGENIERÍA INFORMÁTICA EN INGENIERÍA DE COMPUTADORES","2013-14","1","JUN","Selectividad","H","BADAJOZ","(1990.0, 1995.0]",1,"S",0.6,0,6.304
"GRADO EN INGENIERÍA INFORMÁTICA EN INGENIERÍA DE COMPUTADORES","2013-14","0","JUN","Selectividad","H","CILLEROS","(1990.0, 1995.0]",0,"N",0,1,10.24
"GRADO EN INGENIERÍA INFORMÁTICA EN INGENIERÍA DE COMPUTADORES","2013-14","1","JUN","Selectividad","H","HORNACHOS","(1990.0, 1995.0]",1,"N",0,0.5714285714285714,8.326
"GRADO EN INGENIERÍA INFORMÁTICA EN INGENIERÍA DE COMPUTADORES","2013-14","1","JUN","Selectividad","H","BADAJOZ","(1990.0, 1995.0]",1,"S",0,0.6666666666666666,7.642
"GRADO EN INGENIERÍA INFORMÁTICA EN INGENIERÍA DE COMPUTADORES","2013-14","0","JUN","Selectividad","H","HORNACHOS","(1990.0, 1995.0]",1,"S",0.1428571428571428,0.4285714285714285,6.998
"GRADO EN INGENIERÍA INFORMÁTICA EN INGENIERÍA DE COMPUTADORES","2013-14","1","JUN","Formación Profesional","H","MADRID","(1980.0, 1985.0]",1,"N",0.5,0.3333333333333333,8.18
"GRADO EN INGENIERÍA INFORMÁTICA EN INGENIERÍA DE COMPUTADORES","2013-14","0","JUN","Selectividad","H","MONTIJO","(1990.0, 1995.0]",0,"S",0,0.8333333333333334,9.609
"GRADO EN INGENIERÍA INFORMÁTICA EN INGENIERÍA DE COMPUTADORES","2013-14","0","JUN","Selectividad","H","ROBLEDILLO DE LA VERA","(1990.0, 1995.0]",1,"N",0.2,0.6,6.994
"GRADO EN INGENIERÍA INFORMÁTICA EN INGENIERÍA DE COMPUTADORES","2013-14","1","JUN","Selectividad","H","MÉRIDA","(1990.0, 1995.0]",1,"S",0.5555555555555556,0.1111111111111111,7.161
"GRADO EN INGENIERÍA INFORMÁTICA EN INGENIERÍA DE COMPUTADORES","2013-14","0","JUN","Formación Profesional","H","MÉRIDA","(1985.0, 1990.0]",1,"N",0.2222222222222222,0.2222222222222222,6.31
"GRADO EN INGENIERÍA INFORMÁTICA EN INGENIERÍA DE COMPUTADORES","2013-14","1","JUN","Formación Profesional","H","BADAJOZ","(1985.0, 1990.0]",1,"S",0.3333333333333333,0.1666666666666666,6.54
"GRADO EN INGENIERÍA INFORMÁTICA EN INGENIERÍA DE COMPUTADORES","2013-14","1","SEP","Formación Profesional","H","MÉRIDA","(1990.0, 1995.0]",1,"S",0.2222222222222222,0.3333333333333333,6.08
"GRADO EN INGENIERÍA INFORMÁTICA EN INGENIERÍA DE COMPUTADORES","2013-14","1","JUN","Selectividad","D","BADAJOZ","(1990.0, 1995.0]",1,"N",0.8,0.1,5.986
"GRADO EN INGENIERÍA INFORMÁTICA EN INGENIERÍA DE COMPUTADORES","2013-14","0","SEP","Formación Profesional","H","CÁCERES","(1980.0, 1985.0]",1,"S",0.3333333333333333,0.2222222222222222,5.6
"GRADO EN INGENIERÍA INFORMÁTICA EN INGENIERÍA DE COMPUTADORES","2013-14","1","SEP","Selectividad","H","CÁCERES","(1990.0, 1995.0]",1,"S",0.5,0,6.092
"GRADO EN INGENIERÍA INFORMÁTICA EN INGENIERÍA DE COMPUTADORES","2013-14","1","SEP","Selectividad","H","PLASENCIA","(1990.0, 1995.0]",1,"N",0.4,0,5.404
"GRADO EN INGENIERÍA INFORMÁTICA EN INGENIERÍA DE COMPUTADORES","2013-14","1","SEP","Selectividad","H","PLASENCIA","(1990.0, 1995.0]",1,"N",0.4,0,6.508
"GRADO EN INGENIERÍA INFORMÁTICA EN INGENIERÍA DE COMPUTADORES","2013-14","1","SEP","Selectividad","H","BARCARROTA","(1990.0, 1995.0]",1,"S",0.1111111111111111,0.2222222222222222,7.766
"GRADO EN INGENIERÍA INFORMÁTICA EN INGENIERÍA DE COMPUTADORES","2013-14","1","SEP","Selectividad","H","CÁCERES","(1990.0, 1995.0]",1,"N",0.5,0.25,9.032
"GRADO EN INGENIERÍA INFORMÁTICA EN INGENIERÍA DE COMPUTADORES","2013-14","1","SEP","Selectividad","D","ALICANTE/ALACANT","(1990.0, 1995.0]",1,"N",0.6,0,5.814
"GRADO EN INGENIERÍA INFORMÁTICA EN INGENIERÍA DE COMPUTADORES","2013-14","1","SEP","Selectividad","H","CAMPANARIO","(1990.0, 1995.0]",1,"S",0.6,0,7.64
"GRADO EN INGENIERÍA INFORMÁTICA EN INGENIERÍA DE COMPUTADORES","2013-14","1","SEP","Selectividad","H","CÁCERES","(1990.0, 1995.0]",1,"N",0.9,0,5.726
"GRADO EN INGENIERÍA INFORMÁTICA EN INGENIERÍA DE COMPUTADORES","2013-14","1","JUN","Selectividad","H","CÁCERES","(1990.0, 1995.0]",1,"N",0.3,0,6.892
"GRADO EN INGENIERÍA INFORMÁTICA EN INGENIERÍA DE COMPUTADORES","2013-14","0","SEP","Selectividad","H","VILLANUEVA DE LA SERENA","(1990.0, 1995.0]",1,"N",0.25,0.25,5.992
"GRADO EN INGENIERÍA INFORMÁTICA EN INGENIERÍA DE COMPUTADORES","2013-14","0","SEP","Selectividad","D","ALICANTE/ALACANT","(1990.0, 1995.0]",1,"N",0.2,0.1,5.742
"GRADO EN INGENIERÍA INFORMÁTICA EN INGENIERÍA DE COMPUTADORES","2013-14","1","SEP","Selectividad","H","ALCÁNTARA","(1990.0, 1995.0]",1,"S",0.6,0,5.8
"GRADO EN INGENIERÍA INFORMÁTICA EN INGENIERÍA DE COMPUTADORES","2013-14","1","SEP","Selectividad","H","BADAJOZ","(1990.0, 1995.0]",1,"S",0.3,0,5.918
"GRADO EN INGENIERÍA INFORMÁTICA EN INGENIERÍA DE COMPUTADORES","2013-14","1","SEP","Selectividad","D","ZALAMEA DE LA SERENA","(1990.0, 1995.0]",1,"N",0.5,0.2,8.104
"GRADO EN INGENIERÍA INFORMÁTICA EN INGENIERÍA DE COMPUTADORES","2013-14","0","SEP","Selectividad","H","ORELLANA LA VIEJA","(1990.0, 1995.0]",1,"S",0.5555555555555556,0.2222222222222222,5.846
"GRADO EN INGENIERÍA INFORMÁTICA EN INGENIERÍA DE COMPUTADORES","2013-14","1","SEP","Selectividad","H","CORIA","(1990.0, 1995.0]",1,"N",0.9,0,5.386
"GRADO EN INGENIERÍA INFORMÁTICA EN INGENIERÍA DE COMPUTADORES","2013-14","1","SEP","Selectividad","H","CÁCERES","(1990.0, 1995.0]",1,"S",0.3,0.2,5.992
"GRADO EN INGENIERÍA INFORMÁTICA EN INGENIERÍA DE COMPUTADORES","2013-14","1","SEP","Selectividad","H","PALMA DE MALLORCA","(1990.0, 1995.0]",1,"N",0.2222222222222222,0.1111111111111111,7.552
"GRADO EN INGENIERÍA INFORMÁTICA EN INGENIERÍA DE COMPUTADORES","2013-14","1","SEP","Selectividad","D","CORIA","(1990.0, 1995.0]",1,"S",0.5,0.25,6.45
