"des_plan","anio_apertura_expediente","abandona","convocatoria_acceso","des_acceso","sexo","municipio","anio_nacimiento_interval","1st_model","scholarship","cum_absent_ratio","cum_pass_ratio","nota_admision_def","GRADO EN INGENIERÍA CIVIL - CONSTRUCCIONES CIVILES","GRADO EN INGENIERÍA CIVIL - HIDROLOGÍA","GRADO EN INGENIERÍA CIVIL - TRANSPORTES Y SERVICIOS URBANOS","GRADO EN EDIFICACIÓN","GRADO EN INGENIERÍA INFORMÁTICA EN INGENIERÍA DE COMPUTADORES","2009-10","2010-11","2011-12","2012-13","2013-14","2014-15","2015-16","2016-17","2008-09","JUN","SEP","EXT","ENE","Selectividad","Formación Profesional","H","D","(1990.0, 1995.0]","(1985.0, 1990.0]","(1980.0, 1985.0]","(1995.0, 2000.0]","(1975.0, 1980.0]","N","S"
"GRADO EN INGENIERÍA CIVIL - CONSTRUCCIONES CIVILES","2009-10","0","JUN","Selectividad","H","CÁCERES","(1990.0, 1995.0]",0,"N",0,1,7.67,1,0,0,0,0,1,0,0,0,0,0,0,0,0,1,0,0,0,1,0,1,0,1,0,0,0,0,1,0
"GRADO EN INGENIERÍA CIVIL - CONSTRUCCIONES CIVILES","2009-10","0","JUN","Formación Profesional","D","VALLE DE LA SERENA","(1985.0, 1990.0]",0,"S",0.1428571428571428,0.5714285714285714,6.63,1,0,0,0,0,1,0,0,0,0,0,0,0,0,1,0,0,0,0,1,0,1,0,1,0,0,0,0,1
"GRADO EN INGENIERÍA CIVIL - CONSTRUCCIONES CIVILES","2010-11","0","JUN","Selectividad","D","CÁCERES","(1990.0, 1995.0]",0,"N",0.4285714285714285,0.5714285714285714,6.842,1,0,0,0,0,0,1,0,0,0,0,0,0,0,1,0,0,0,1,0,0,1,1,0,0,0,0,1,0
"GRADO EN INGENIERÍA CIVIL - CONSTRUCCIONES CIVILES","2010-11","0","JUN","Selectividad","H","PUEBLA DE LA CALZADA","(1990.0, 1995.0]",0,"S",0,0.5,6.586,1,0,0,0,0,0,1,0,0,0,0,0,0,0,1,0,0,0,1,0,1,0,1,0,0,0,0,0,1
"GRADO EN INGENIERÍA CIVIL - CONSTRUCCIONES CIVILES","2010-11","0","JUN","Selectividad","H","AZUAGA","(1990.0, 1995.0]",0,"S",0.3333333333333333,0.6666666666666666,7.044,1,0,0,0,0,0,1,0,0,0,0,0,0,0,1,0,0,0,1,0,1,0,1,0,0,0,0,0,1
"GRADO EN INGENIERÍA CIVIL - CONSTRUCCIONES CIVILES","2010-11","0","JUN","Selectividad","H","FUENTE DEL MAESTRE","(1990.0, 1995.0]",0,"S",0.125,0.5,7.676,1,0,0,0,0,0,1,0,0,0,0,0,0,0,1,0,0,0,1,0,1,0,1,0,0,0,0,0,1
"GRADO EN INGENIERÍA CIVIL - CONSTRUCCIONES CIVILES","2010-11","0","JUN","Selectividad","H","FUENTE DEL MAESTRE","(1990.0, 1995.0]",0,"S",0,0.8333333333333334,7.446,1,0,0,0,0,0,1,0,0,0,0,0,0,0,1,0,0,0,1,0,1,0,1,0,0,0,0,0,1
"GRADO EN INGENIERÍA CIVIL - CONSTRUCCIONES CIVILES","2010-11","0","JUN","Selectividad","D","CÁCERES","(1990.0, 1995.0]",0,"N",0.125,0.25,6.97,1,0,0,0,0,0,1,0,0,0,0,0,0,0,1,0,0,0,1,0,0,1,1,0,0,0,0,1,0
"GRADO EN INGENIERÍA CIVIL - CONSTRUCCIONES CIVILES","2010-11","0","JUN","Selectividad","H","PALMA DEL RÍO","(1990.0, 1995.0]",0,"N",0.25,0.5,5.828,1,0,0,0,0,0,1,0,0,0,0,0,0,0,1,0,0,0,1,0,1,0,1,0,0,0,0,1,0
"GRADO EN INGENIERÍA CIVIL - CONSTRUCCIONES CIVILES","2010-11","1","SEP","Selectividad","H","CÁCERES","(1985.0, 1990.0]",1,"N",0.6,0.1,5.35,1,0,0,0,0,0,1,0,0,0,0,0,0,0,0,1,0,0,1,0,1,0,0,1,0,0,0,1,0
"GRADO EN INGENIERÍA CIVIL - CONSTRUCCIONES CIVILES","2010-11","0","SEP","Selectividad","H","PLASENCIA","(1990.0, 1995.0]",1,"N",0.125,0.375,5.47,1,0,0,0,0,0,1,0,0,0,0,0,0,0,0,1,0,0,1,0,1,0,1,0,0,0,0,1,0
"GRADO EN INGENIERÍA CIVIL - CONSTRUCCIONES CIVILES","2011-12","0","JUN","Selectividad","H","CÁCERES","(1990.0, 1995.0]",1,"S",0.25,0.5,7.11,1,0,0,0,0,0,0,1,0,0,0,0,0,0,1,0,0,0,1,0,1,0,1,0,0,0,0,0,1
"GRADO EN INGENIERÍA CIVIL - CONSTRUCCIONES CIVILES","2011-12","1","JUN","Selectividad","D","MORALEJA","(1990.0, 1995.0]",0,"S",0.3333333333333333,0.2222222222222222,7.4,1,0,0,0,0,0,0,1,0,0,0,0,0,0,1,0,0,0,1,0,0,1,1,0,0,0,0,0,1
"GRADO EN INGENIERÍA CIVIL - CONSTRUCCIONES CIVILES","2011-12","0","JUN","Selectividad","H","CÁCERES","(1990.0, 1995.0]",1,"S",0.375,0.375,5.578,1,0,0,0,0,0,0,1,0,0,0,0,0,0,1,0,0,0,1,0,1,0,1,0,0,0,0,0,1
"GRADO EN INGENIERÍA CIVIL - CONSTRUCCIONES CIVILES","2011-12","0","JUN","Selectividad","H","LEÓN","(1985.0, 1990.0]",1,"N",0.1428571428571428,0.7142857142857143,5.93,1,0,0,0,0,0,0,1,0,0,0,0,0,0,1,0,0,0,1,0,1,0,0,1,0,0,0,1,0
"GRADO EN INGENIERÍA CIVIL - CONSTRUCCIONES CIVILES","2011-12","1","SEP","Selectividad","H","CÁCERES","(1990.0, 1995.0]",1,"N",1,0,6.47,1,0,0,0,0,0,0,1,0,0,0,0,0,0,0,1,0,0,1,0,1,0,1,0,0,0,0,1,0
"GRADO EN INGENIERÍA CIVIL - CONSTRUCCIONES CIVILES","2012-13","0","JUN","Selectividad","H","CÁCERES","(1990.0, 1995.0]",1,"N",0.1428571428571428,0.4285714285714285,6.168,1,0,0,0,0,0,0,0,1,0,0,0,0,0,1,0,0,0,1,0,1,0,1,0,0,0,0,1,0
"GRADO EN INGENIERÍA CIVIL - CONSTRUCCIONES CIVILES","2012-13","1","SEP","Selectividad","H","MEDELLÍN","(1990.0, 1995.0]",1,"N",0.5454545454545454,0.1818181818181818,5.422,1,0,0,0,0,0,0,0,1,0,0,0,0,0,0,1,0,0,1,0,1,0,1,0,0,0,0,1,0
"GRADO EN INGENIERÍA CIVIL - CONSTRUCCIONES CIVILES","2012-13","0","SEP","Selectividad","H","CORIA","(1990.0, 1995.0]",1,"N",0.25,0.5,5.624,1,0,0,0,0,0,0,0,1,0,0,0,0,0,0,1,0,0,1,0,1,0,1,0,0,0,0,1,0
"GRADO EN INGENIERÍA CIVIL - CONSTRUCCIONES CIVILES","2012-13","0","JUN","Selectividad","H","MÉRIDA","(1990.0, 1995.0]",0,"S",0.2857142857142857,0.5714285714285714,10.508,1,0,0,0,0,0,0,0,1,0,0,0,0,0,1,0,0,0,1,0,1,0,1,0,0,0,0,0,1
"GRADO EN INGENIERÍA CIVIL - CONSTRUCCIONES CIVILES","2012-13","0","JUN","Selectividad","H","CÁCERES","(1990.0, 1995.0]",0,"N",0,0.4285714285714285,7.594,1,0,0,0,0,0,0,0,1,0,0,0,0,0,1,0,0,0,1,0,1,0,1,0,0,0,0,1,0
"GRADO EN INGENIERÍA CIVIL - CONSTRUCCIONES CIVILES","2012-13","1","SEP","Selectividad","D","BADAJOZ","(1990.0, 1995.0]",1,"N",0.3,0.1,5.882,1,0,0,0,0,0,0,0,1,0,0,0,0,0,0,1,0,0,1,0,0,1,1,0,0,0,0,1,0
"GRADO EN INGENIERÍA CIVIL - CONSTRUCCIONES CIVILES","2012-13","1","SEP","Selectividad","H","MÉRIDA","(1985.0, 1990.0]",1,"N",0.6666666666666666,0.1111111111111111,5.636,1,0,0,0,0,0,0,0,1,0,0,0,0,0,0,1,0,0,1,0,1,0,0,1,0,0,0,1,0
"GRADO EN INGENIERÍA CIVIL - CONSTRUCCIONES CIVILES","2012-13","1","SEP","Selectividad","H","CÁCERES","(1990.0, 1995.0]",1,"S",0.4444444444444444,0.1111111111111111,6.01,1,0,0,0,0,0,0,0,1,0,0,0,0,0,0,1,0,0,1,0,1,0,1,0,0,0,0,0,1
"GRADO EN INGENIERÍA CIVIL - CONSTRUCCIONES CIVILES","2012-13","0","SEP","Selectividad","H","CÁCERES","(1985.0, 1990.0]",1,"N",0.5,0.375,5.14,1,0,0,0,0,0,0,0,1,0,0,0,0,0,0,1,0,0,1,0,1,0,0,1,0,0,0,1,0
"GRADO EN INGENIERÍA CIVIL - CONSTRUCCIONES CIVILES","2012-13","1","JUN","Selectividad","H","NAVALVILLAR DE PELA","(1985.0, 1990.0]",1,"N",0.8,0.1,5.22,1,0,0,0,0,0,0,0,1,0,0,0,0,0,1,0,0,0,1,0,1,0,0,1,0,0,0,1,0
"GRADO EN INGENIERÍA CIVIL - CONSTRUCCIONES CIVILES","2013-14","0","JUN","Selectividad","H","ARROYO DE LA LUZ","(1990.0, 1995.0]",0,"S",0.25,0.375,8.744,1,0,0,0,0,0,0,0,0,1,0,0,0,0,1,0,0,0,1,0,1,0,1,0,0,0,0,0,1
"GRADO EN INGENIERÍA CIVIL - CONSTRUCCIONES CIVILES","2013-14","1","JUN","Selectividad","D","MÉRIDA","(1990.0, 1995.0]",0,"N",0.7,0,5.546,1,0,0,0,0,0,0,0,0,1,0,0,0,0,1,0,0,0,1,0,0,1,1,0,0,0,0,1,0
"GRADO EN INGENIERÍA CIVIL - CONSTRUCCIONES CIVILES","2013-14","1","JUN","Selectividad","H","JARAÍZ DE LA VERA","(1990.0, 1995.0]",1,"N",0.3,0.1,6.414,1,0,0,0,0,0,0,0,0,1,0,0,0,0,1,0,0,0,1,0,1,0,1,0,0,0,0,1,0
"GRADO EN INGENIERÍA CIVIL - CONSTRUCCIONES CIVILES","2013-14","1","JUN","Selectividad","H","BADAJOZ","(1990.0, 1995.0]",1,"S",0.4,0.1,7.128,1,0,0,0,0,0,0,0,0,1,0,0,0,0,1,0,0,0,1,0,1,0,1,0,0,0,0,0,1
"GRADO EN INGENIERÍA CIVIL - CONSTRUCCIONES CIVILES","2013-14","1","JUN","Selectividad","D","MÉRIDA","(1990.0, 1995.0]",0,"S",0.3333333333333333,0.1111111111111111,5.411,1,0,0,0,0,0,0,0,0,1,0,0,0,0,1,0,0,0,1,0,0,1,1,0,0,0,0,0,1
"GRADO EN INGENIERÍA CIVIL - CONSTRUCCIONES CIVILES","2013-14","0","SEP","Selectividad","H","MALPARTIDA DE CÁCERES","(1990.0, 1995.0]",0,"N",0.4,0,5.024,1,0,0,0,0,0,0,0,0,1,0,0,0,0,0,1,0,0,1,0,1,0,1,0,0,0,0,1,0
"GRADO EN INGENIERÍA CIVIL - CONSTRUCCIONES CIVILES","2014-15","1","JUN","Selectividad","H","NAVALMORAL DE LA MATA","(1990.0, 1995.0]",1,"N",0.9166666666666666,0,5.796,1,0,0,0,0,0,0,0,0,0,1,0,0,0,1,0,0,0,1,0,1,0,1,0,0,0,0,1,0
"GRADO EN INGENIERÍA CIVIL - CONSTRUCCIONES CIVILES","2014-15","1","JUN","Selectividad","H","TRUJILLO","(1990.0, 1995.0]",1,"N",0.7,0,5.622,1,0,0,0,0,0,0,0,0,0,1,0,0,0,1,0,0,0,1,0,1,0,1,0,0,0,0,1,0
"GRADO EN INGENIERÍA CIVIL - CONSTRUCCIONES CIVILES","2014-15","0","EXT","Selectividad","D","VILLAFRANCA DE LOS BARROS","(1990.0, 1995.0]",1,"S",0.4444444444444444,0.3333333333333333,5.968,1,0,0,0,0,0,0,0,0,0,1,0,0,0,0,0,1,0,1,0,0,1,1,0,0,0,0,0,1
"GRADO EN INGENIERÍA CIVIL - CONSTRUCCIONES CIVILES","2014-15","1","JUN","Selectividad","D","ALMENDRALEJO","(1995.0, 2000.0]",0,"N",0.375,0.375,10.458,1,0,0,0,0,0,0,0,0,0,1,0,0,0,1,0,0,0,1,0,0,1,0,0,0,1,0,1,0
"GRADO EN INGENIERÍA CIVIL - CONSTRUCCIONES CIVILES","2015-16","0","JUN","Selectividad","H","CÁCERES","(1990.0, 1995.0]",1,"N",0.2,0.4,5.314,1,0,0,0,0,0,0,0,0,0,0,1,0,0,1,0,0,0,1,0,1,0,1,0,0,0,0,1,0
"GRADO EN INGENIERÍA CIVIL - CONSTRUCCIONES CIVILES","2015-16","0","EXT","Selectividad","H","CÁCERES","(1995.0, 2000.0]",0,"N",0.4444444444444444,0.1111111111111111,6.822,1,0,0,0,0,0,0,0,0,0,0,1,0,0,0,0,1,0,1,0,1,0,0,0,0,1,0,1,0
"GRADO EN INGENIERÍA CIVIL - CONSTRUCCIONES CIVILES","2015-16","1","JUN","Selectividad","D","TRUJILLO","(1985.0, 1990.0]",1,"N",0.5,0.5,6.99,1,0,0,0,0,0,0,0,0,0,0,1,0,0,1,0,0,0,1,0,0,1,0,1,0,0,0,1,0
"GRADO EN INGENIERÍA CIVIL - CONSTRUCCIONES CIVILES","2016-17","0","JUN","Selectividad","H","CAMINOMORISCO","(1995.0, 2000.0]",0,"N",0.4,0.2,6.36,1,0,0,0,0,0,0,0,0,0,0,0,1,0,1,0,0,0,1,0,1,0,0,0,0,1,0,1,0
"GRADO EN INGENIERÍA CIVIL - HIDROLOGÍA","2009-10","0","JUN","Selectividad","H","SALAMANCA","(1990.0, 1995.0]",0,"S",0.25,0.5,6.49,0,1,0,0,0,1,0,0,0,0,0,0,0,0,1,0,0,0,1,0,1,0,1,0,0,0,0,0,1
"GRADO EN INGENIERÍA CIVIL - HIDROLOGÍA","2009-10","0","SEP","Selectividad","H","MAGUILLA","(1990.0, 1995.0]",1,"S",0.4444444444444444,0.2222222222222222,5.25,0,1,0,0,0,1,0,0,0,0,0,0,0,0,0,1,0,0,1,0,1,0,1,0,0,0,0,0,1
"GRADO EN INGENIERÍA CIVIL - HIDROLOGÍA","2010-11","0","JUN","Selectividad","D","ESPARRAGOSA DE LARES","(1990.0, 1995.0]",0,"N",0.125,0.25,5.524,0,1,0,0,0,0,1,0,0,0,0,0,0,0,1,0,0,0,1,0,0,1,1,0,0,0,0,1,0
"GRADO EN INGENIERÍA CIVIL - HIDROLOGÍA","2010-11","0","JUN","Selectividad","D","CAMPILLOS","(1990.0, 1995.0]",0,"S",0,0.375,7.136,0,1,0,0,0,0,1,0,0,0,0,0,0,0,1,0,0,0,1,0,0,1,1,0,0,0,0,0,1
"GRADO EN INGENIERÍA CIVIL - HIDROLOGÍA","2011-12","1","SEP","Selectividad","H","MALPARTIDA DE CÁCERES","(1990.0, 1995.0]",1,"N",0.2222222222222222,0.1111111111111111,5.024,0,1,0,0,0,0,0,1,0,0,0,0,0,0,0,1,0,0,1,0,1,0,1,0,0,0,0,1,0
"GRADO EN INGENIERÍA CIVIL - HIDROLOGÍA","2011-12","1","SEP","Selectividad","H","SANTA AMALIA","(1985.0, 1990.0]",1,"S",0.4444444444444444,0.1111111111111111,5.376,0,1,0,0,0,0,0,1,0,0,0,0,0,0,0,1,0,0,1,0,1,0,0,1,0,0,0,0,1
"GRADO EN INGENIERÍA CIVIL - HIDROLOGÍA","2011-12","1","SEP","Selectividad","H","CÁCERES","(1990.0, 1995.0]",1,"S",0.3333333333333333,0.1111111111111111,6.176,0,1,0,0,0,0,0,1,0,0,0,0,0,0,0,1,0,0,1,0,1,0,1,0,0,0,0,0,1
"GRADO EN INGENIERÍA CIVIL - HIDROLOGÍA","2013-14","0","JUN","Selectividad","D","MADRIGALEJO","(1990.0, 1995.0]",0,"S",0.2857142857142857,0.4285714285714285,11.136,0,1,0,0,0,0,0,0,0,1,0,0,0,0,1,0,0,0,1,0,0,1,1,0,0,0,0,0,1
"GRADO EN INGENIERÍA CIVIL - HIDROLOGÍA","2013-14","1","JUN","Selectividad","H","RONDA","(1990.0, 1995.0]",1,"N",0.3,0.1,5.04,0,1,0,0,0,0,0,0,0,1,0,0,0,0,1,0,0,0,1,0,1,0,1,0,0,0,0,1,0
"GRADO EN INGENIERÍA CIVIL - HIDROLOGÍA","2013-14","1","SEP","Selectividad","H","NAVALMORAL DE LA MATA","(1990.0, 1995.0]",1,"N",0.3,0,6.582,0,1,0,0,0,0,0,0,0,1,0,0,0,0,0,1,0,0,1,0,1,0,1,0,0,0,0,1,0
"GRADO EN INGENIERÍA CIVIL - HIDROLOGÍA","2014-15","1","JUN","Selectividad","H","MONTEHERMOSO","(1990.0, 1995.0]",1,"S",0.7,0,7.118,0,1,0,0,0,0,0,0,0,0,1,0,0,0,1,0,0,0,1,0,1,0,1,0,0,0,0,0,1
"GRADO EN INGENIERÍA CIVIL - HIDROLOGÍA","2015-16","1","JUN","Selectividad","D","BADAJOZ","(1990.0, 1995.0]",1,"N",0.375,0.125,5.792,0,1,0,0,0,0,0,0,0,0,0,1,0,0,1,0,0,0,1,0,0,1,1,0,0,0,0,1,0
"GRADO EN INGENIERÍA CIVIL - HIDROLOGÍA","2016-17","1","JUN","Selectividad","H","CÁCERES","(1995.0, 2000.0]",0,"N",0.25,0.375,7.94,0,1,0,0,0,0,0,0,0,0,0,0,1,0,1,0,0,0,1,0,1,0,0,0,0,1,0,1,0
"GRADO EN INGENIERÍA CIVIL - TRANSPORTES Y SERVICIOS URBANOS","2009-10","0","JUN","Selectividad","H","DON BENITO","(1990.0, 1995.0]",0,"S",0.25,0.375,6.53,0,0,1,0,0,1,0,0,0,0,0,0,0,0,1,0,0,0,1,0,1,0,1,0,0,0,0,0,1
"GRADO EN INGENIERÍA CIVIL - TRANSPORTES Y SERVICIOS URBANOS","2009-10","1","SEP","Selectividad","D","BADAJOZ","(1990.0, 1995.0]",1,"S",0.2,0.1,5.29,0,0,1,0,0,1,0,0,0,0,0,0,0,0,0,1,0,0,1,0,0,1,1,0,0,0,0,0,1
"GRADO EN INGENIERÍA CIVIL - TRANSPORTES Y SERVICIOS URBANOS","2009-10","0","SEP","Selectividad","D","NAVALMORAL DE LA MATA","(1990.0, 1995.0]",1,"S",0.1428571428571428,0.5714285714285714,5.55,0,0,1,0,0,1,0,0,0,0,0,0,0,0,0,1,0,0,1,0,0,1,1,0,0,0,0,0,1
"GRADO EN INGENIERÍA CIVIL - TRANSPORTES Y SERVICIOS URBANOS","2009-10","0","SEP","Selectividad","H","DONOSTIA-SAN SEBASTIÁN","(1990.0, 1995.0]",1,"S",0.25,0.375,5.14,0,0,1,0,0,1,0,0,0,0,0,0,0,0,0,1,0,0,1,0,1,0,1,0,0,0,0,0,1
"GRADO EN INGENIERÍA CIVIL - TRANSPORTES Y SERVICIOS URBANOS","2010-11","0","JUN","Selectividad","H","CÁCERES","(1990.0, 1995.0]",0,"S",0.1666666666666666,0.6666666666666666,6.684,0,0,1,0,0,0,1,0,0,0,0,0,0,0,1,0,0,0,1,0,1,0,1,0,0,0,0,0,1
"GRADO EN INGENIERÍA CIVIL - TRANSPORTES Y SERVICIOS URBANOS","2009-10","1","JUN","Selectividad","D","TRUJILLO","(1985.0, 1990.0]",1,"N",0.8,0,6.99,0,0,1,0,0,1,0,0,0,0,0,0,0,0,1,0,0,0,1,0,0,1,0,1,0,0,0,1,0
"GRADO EN INGENIERÍA CIVIL - TRANSPORTES Y SERVICIOS URBANOS","2011-12","1","JUN","Selectividad","H","CÁCERES","(1990.0, 1995.0]",0,"S",0,1,13.464,0,0,1,0,0,0,0,1,0,0,0,0,0,0,1,0,0,0,1,0,1,0,1,0,0,0,0,0,1
"GRADO EN INGENIERÍA CIVIL - TRANSPORTES Y SERVICIOS URBANOS","2011-12","1","JUN","Selectividad","D","PLASENCIA","(1990.0, 1995.0]",1,"S",0.2222222222222222,0.3333333333333333,7.246,0,0,1,0,0,0,0,1,0,0,0,0,0,0,1,0,0,0,1,0,0,1,1,0,0,0,0,0,1
"GRADO EN INGENIERÍA CIVIL - TRANSPORTES Y SERVICIOS URBANOS","2011-12","1","SEP","Selectividad","D","CAMPANARIO","(1990.0, 1995.0]",1,"N",0.4,0.1,6.228,0,0,1,0,0,0,0,1,0,0,0,0,0,0,0,1,0,0,1,0,0,1,1,0,0,0,0,1,0
"GRADO EN INGENIERÍA CIVIL - TRANSPORTES Y SERVICIOS URBANOS","2011-12","1","SEP","Selectividad","H","BADAJOZ","(1985.0, 1990.0]",1,"N",0.1111111111111111,0.1111111111111111,5.4,0,0,1,0,0,0,0,1,0,0,0,0,0,0,0,1,0,0,1,0,1,0,0,1,0,0,0,1,0
"GRADO EN INGENIERÍA CIVIL - TRANSPORTES Y SERVICIOS URBANOS","2010-11","0","SEP","Selectividad","H","BADAJOZ","(1985.0, 1990.0]",1,"N",0.5,0.1,5.71,0,0,1,0,0,0,1,0,0,0,0,0,0,0,0,1,0,0,1,0,1,0,0,1,0,0,0,1,0
"GRADO EN INGENIERÍA CIVIL - TRANSPORTES Y SERVICIOS URBANOS","2012-13","0","JUN","Selectividad","H","LLERENA","(1990.0, 1995.0]",0,"N",0.7777777777777778,0.1111111111111111,6.542,0,0,1,0,0,0,0,0,1,0,0,0,0,0,1,0,0,0,1,0,1,0,1,0,0,0,0,1,0
"GRADO EN INGENIERÍA CIVIL - TRANSPORTES Y SERVICIOS URBANOS","2012-13","1","JUN","Formación Profesional","H","AZUAGA","(1985.0, 1990.0]",1,"S",0.5555555555555556,0.1111111111111111,5.63,0,0,1,0,0,0,0,0,1,0,0,0,0,0,1,0,0,0,0,1,1,0,0,1,0,0,0,0,1
"GRADO EN INGENIERÍA CIVIL - TRANSPORTES Y SERVICIOS URBANOS","2012-13","1","JUN","Selectividad","H","PERALEDA DE LA MATA","(1990.0, 1995.0]",1,"N",0.25,0.25,5.706,0,0,1,0,0,0,0,0,1,0,0,0,0,0,1,0,0,0,1,0,1,0,1,0,0,0,0,1,0
"GRADO EN INGENIERÍA CIVIL - TRANSPORTES Y SERVICIOS URBANOS","2013-14","0","JUN","Formación Profesional","D","MÉRIDA","(1990.0, 1995.0]",0,"S",0.2727272727272727,0.1818181818181818,7.88,0,0,1,0,0,0,0,0,0,1,0,0,0,0,1,0,0,0,0,1,0,1,1,0,0,0,0,0,1
"GRADO EN INGENIERÍA CIVIL - TRANSPORTES Y SERVICIOS URBANOS","2013-14","0","JUN","Selectividad","H","ARROYO DE LA LUZ","(1990.0, 1995.0]",0,"N",0.2857142857142857,0.5714285714285714,8.846,0,0,1,0,0,0,0,0,0,1,0,0,0,0,1,0,0,0,1,0,1,0,1,0,0,0,0,1,0
"GRADO EN INGENIERÍA CIVIL - TRANSPORTES Y SERVICIOS URBANOS","2015-16","0","JUN","Selectividad","D","MÉRIDA","(1995.0, 2000.0]",0,"S",0.3333333333333333,0.3333333333333333,8.75,0,0,1,0,0,0,0,0,0,0,0,1,0,0,1,0,0,0,1,0,0,1,0,0,0,1,0,0,1
"GRADO EN EDIFICACIÓN","2010-11","0","JUN","Selectividad","H","CÁCERES","(1990.0, 1995.0]",0,"N",0,0.6666666666666666,6.95,0,0,0,1,0,0,1,0,0,0,0,0,0,0,1,0,0,0,1,0,1,0,1,0,0,0,0,1,0
"GRADO EN EDIFICACIÓN","2011-12","1","JUN","Selectividad","D","CÁCERES","(1990.0, 1995.0]",1,"N",0.1111111111111111,0.3333333333333333,6.1,0,0,0,1,0,0,0,1,0,0,0,0,0,0,1,0,0,0,1,0,0,1,1,0,0,0,0,1,0
"GRADO EN EDIFICACIÓN","2011-12","1","SEP","Selectividad","H","BADAJOZ","(1990.0, 1995.0]",1,"S",0.4,0.1,5.9,0,0,0,1,0,0,0,1,0,0,0,0,0,0,0,1,0,0,1,0,1,0,1,0,0,0,0,0,1
"GRADO EN EDIFICACIÓN","2012-13","0","JUN","Selectividad","D","ALBURQUERQUE","(1990.0, 1995.0]",0,"N",0.1428571428571428,0.7142857142857143,9.596,0,0,0,1,0,0,0,0,1,0,0,0,0,0,1,0,0,0,1,0,0,1,1,0,0,0,0,1,0
"GRADO EN EDIFICACIÓN","2012-13","1","JUN","Formación Profesional","H","HUELVA","(1985.0, 1990.0]",1,"N",0.6,0.1,7.3,0,0,0,1,0,0,0,0,1,0,0,0,0,0,1,0,0,0,0,1,1,0,0,1,0,0,0,1,0
"GRADO EN EDIFICACIÓN","2012-13","1","JUN","Formación Profesional","H","PLASENCIA","(1985.0, 1990.0]",1,"S",0.5,0.0833333333333333,5.75,0,0,0,1,0,0,0,0,1,0,0,0,0,0,1,0,0,0,0,1,1,0,0,1,0,0,0,0,1
"GRADO EN EDIFICACIÓN","2012-13","1","JUN","Formación Profesional","H","CORIA","(1985.0, 1990.0]",1,"S",0.3,0.3,7.25,0,0,0,1,0,0,0,0,1,0,0,0,0,0,1,0,0,0,0,1,1,0,0,1,0,0,0,0,1
"GRADO EN EDIFICACIÓN","2012-13","0","JUN","Selectividad","D","MADRID","(1990.0, 1995.0]",0,"S",0.25,0.375,6.914,0,0,0,1,0,0,0,0,1,0,0,0,0,0,1,0,0,0,1,0,0,1,1,0,0,0,0,0,1
"GRADO EN EDIFICACIÓN","2012-13","1","JUN","Selectividad","D","PLASENCIA","(1990.0, 1995.0]",1,"S",0.4,0.1,5.682,0,0,0,1,0,0,0,0,1,0,0,0,0,0,1,0,0,0,1,0,0,1,1,0,0,0,0,0,1
"GRADO EN EDIFICACIÓN","2012-13","1","JUN","Selectividad","D","VALLE DE LA SERENA","(1990.0, 1995.0]",1,"S",0.2222222222222222,0.2222222222222222,5.564,0,0,0,1,0,0,0,0,1,0,0,0,0,0,1,0,0,0,1,0,0,1,1,0,0,0,0,0,1
"GRADO EN EDIFICACIÓN","2012-13","0","JUN","Selectividad","H","BADAJOZ","(1990.0, 1995.0]",0,"S",0.2857142857142857,0.5714285714285714,9.524,0,0,0,1,0,0,0,0,1,0,0,0,0,0,1,0,0,0,1,0,1,0,1,0,0,0,0,0,1
"GRADO EN EDIFICACIÓN","2012-13","0","JUN","Selectividad","H","GUADALUPE","(1990.0, 1995.0]",0,"S",0.2222222222222222,0.2222222222222222,7.29,0,0,0,1,0,0,0,0,1,0,0,0,0,0,1,0,0,0,1,0,1,0,1,0,0,0,0,0,1
"GRADO EN EDIFICACIÓN","2012-13","0","JUN","Selectividad","D","MADRID","(1990.0, 1995.0]",1,"N",0.4,0.1,5.671,0,0,0,1,0,0,0,0,1,0,0,0,0,0,1,0,0,0,1,0,0,1,1,0,0,0,0,1,0
"GRADO EN EDIFICACIÓN","2012-13","1","SEP","Selectividad","H","CÁCERES","(1990.0, 1995.0]",1,"S",0.3333333333333333,0.2222222222222222,6.778,0,0,0,1,0,0,0,0,1,0,0,0,0,0,0,1,0,0,1,0,1,0,1,0,0,0,0,0,1
"GRADO EN EDIFICACIÓN","2012-13","0","SEP","Selectividad","H","QUINTANA DE LA SERENA","(1990.0, 1995.0]",1,"S",0.2222222222222222,0.4444444444444444,8.348,0,0,0,1,0,0,0,0,1,0,0,0,0,0,0,1,0,0,1,0,1,0,1,0,0,0,0,0,1
"GRADO EN EDIFICACIÓN","2012-13","1","SEP","Selectividad","H","MÉRIDA","(1990.0, 1995.0]",1,"N",1,0,5.36,0,0,0,1,0,0,0,0,1,0,0,0,0,0,0,1,0,0,1,0,1,0,1,0,0,0,0,1,0
"GRADO EN EDIFICACIÓN","2013-14","0","JUN","Selectividad","D","ACEUCHAL","(1990.0, 1995.0]",0,"N",0,0.4285714285714285,5.34,0,0,0,1,0,0,0,0,0,1,0,0,0,0,1,0,0,0,1,0,0,1,1,0,0,0,0,1,0
"GRADO EN EDIFICACIÓN","2013-14","0","JUN","Formación Profesional","H","BADAJOZ","(1985.0, 1990.0]",1,"S",0.2,0.4,6.5,0,0,0,1,0,0,0,0,0,1,0,0,0,0,1,0,0,0,0,1,1,0,0,1,0,0,0,0,1
"GRADO EN EDIFICACIÓN","2013-14","0","JUN","Selectividad","H","DON BENITO","(1990.0, 1995.0]",0,"S",0,0.4285714285714285,7.782,0,0,0,1,0,0,0,0,0,1,0,0,0,0,1,0,0,0,1,0,1,0,1,0,0,0,0,0,1
"GRADO EN EDIFICACIÓN","2013-14","1","JUN","Selectividad","H","BADAJOZ","(1990.0, 1995.0]",1,"N",0.8,0,5.382,0,0,0,1,0,0,0,0,0,1,0,0,0,0,1,0,0,0,1,0,1,0,1,0,0,0,0,1,0
"GRADO EN EDIFICACIÓN","2013-14","1","SEP","Selectividad","H","MIRANDILLA","(1990.0, 1995.0]",1,"S",1,0,6.86,0,0,0,1,0,0,0,0,0,1,0,0,0,0,0,1,0,0,1,0,1,0,1,0,0,0,0,0,1
"GRADO EN EDIFICACIÓN","2014-15","1","JUN","Formación Profesional","H","CORIA","(1990.0, 1995.0]",1,"S",0.6666666666666666,0.1111111111111111,6.82,0,0,0,1,0,0,0,0,0,0,1,0,0,0,1,0,0,0,0,1,1,0,1,0,0,0,0,0,1
"GRADO EN EDIFICACIÓN","2014-15","1","JUN","Formación Profesional","H","SANTA AMALIA","(1990.0, 1995.0]",1,"N",0.3333333333333333,0.2222222222222222,5.85,0,0,0,1,0,0,0,0,0,0,1,0,0,0,1,0,0,0,0,1,1,0,1,0,0,0,0,1,0
"GRADO EN EDIFICACIÓN","2014-15","0","JUN","Selectividad","H","VILLAFRANCA DE LOS BARROS","(1995.0, 2000.0]",0,"N",0,0.7142857142857143,8.458,0,0,0,1,0,0,0,0,0,0,1,0,0,0,1,0,0,0,1,0,1,0,0,0,0,1,0,1,0
"GRADO EN EDIFICACIÓN","2014-15","1","JUN","Formación Profesional","H","BADAJOZ","(1990.0, 1995.0]",1,"N",0.3,0.2,6.23,0,0,0,1,0,0,0,0,0,0,1,0,0,0,1,0,0,0,0,1,1,0,1,0,0,0,0,1,0
"GRADO EN EDIFICACIÓN","2014-15","0","JUN","Selectividad","D","CASAS DE DON PEDRO","(1995.0, 2000.0]",0,"S",0,0.1111111111111111,7.072,0,0,0,1,0,0,0,0,0,0,1,0,0,0,1,0,0,0,1,0,0,1,0,0,0,1,0,0,1
"GRADO EN EDIFICACIÓN","2014-15","0","JUN","Selectividad","H","MORALEJA","(1995.0, 2000.0]",0,"N",0.3333333333333333,0.6666666666666666,6.008,0,0,0,1,0,0,0,0,0,0,1,0,0,0,1,0,0,0,1,0,1,0,0,0,0,1,0,1,0
"GRADO EN EDIFICACIÓN","2014-15","1","JUN","Formación Profesional","H","SANTA AMALIA","(1985.0, 1990.0]",1,"S",0.5,0.375,6.46,0,0,0,1,0,0,0,0,0,0,1,0,0,0,1,0,0,0,0,1,1,0,0,1,0,0,0,0,1
"GRADO EN EDIFICACIÓN","2014-15","1","JUN","Formación Profesional","H","PLASENCIA","(1990.0, 1995.0]",1,"N",0.625,0,5.38,0,0,0,1,0,0,0,0,0,0,1,0,0,0,1,0,0,0,0,1,1,0,1,0,0,0,0,1,0
"GRADO EN EDIFICACIÓN","2014-15","0","EXT","Selectividad","H","VILLAR DEL PEDROSO","(1995.0, 2000.0]",0,"N",0.3,0,7.806,0,0,0,1,0,0,0,0,0,0,1,0,0,0,0,0,1,0,1,0,1,0,0,0,0,1,0,1,0
"GRADO EN EDIFICACIÓN","2015-16","0","JUN","Selectividad","D","ACEUCHAL","(1995.0, 2000.0]",0,"S",0.1666666666666666,0.8333333333333334,7.978,0,0,0,1,0,0,0,0,0,0,0,1,0,0,1,0,0,0,1,0,0,1,0,0,0,1,0,0,1
"GRADO EN EDIFICACIÓN","2016-17","0","EXT","Selectividad","H","GARROVILLAS DE ALCONÉTAR","(1995.0, 2000.0]",0,"N",0.2,0.1,5.368,0,0,0,1,0,0,0,0,0,0,0,0,1,0,0,0,1,0,1,0,1,0,0,0,0,1,0,1,0
"GRADO EN INGENIERÍA INFORMÁTICA EN INGENIERÍA DE COMPUTADORES","2010-11","1","JUN","Selectividad","H","PUEBLA DE LA CALZADA","(1990.0, 1995.0]",1,"S",0.6,0,6.974,0,0,0,0,1,0,1,0,0,0,0,0,0,0,1,0,0,0,1,0,1,0,1,0,0,0,0,0,1
"GRADO EN INGENIERÍA INFORMÁTICA EN INGENIERÍA DE COMPUTADORES","2010-11","1","SEP","Selectividad","H","MADRID","(1985.0, 1990.0]",1,"N",0.8,0,5.02,0,0,0,0,1,0,1,0,0,0,0,0,0,0,0,1,0,0,1,0,1,0,0,1,0,0,0,1,0
"GRADO EN INGENIERÍA INFORMÁTICA EN INGENIERÍA DE COMPUTADORES","2011-12","1","JUN","Selectividad","H","TORRE DE MIGUEL SESMERO","(1990.0, 1995.0]",1,"N",0.9,0,5.968,0,0,0,0,1,0,0,1,0,0,0,0,0,0,1,0,0,0,1,0,1,0,1,0,0,0,0,1,0
"GRADO EN INGENIERÍA INFORMÁTICA EN INGENIERÍA DE COMPUTADORES","2011-12","1","SEP","Selectividad","H","CÁCERES","(1990.0, 1995.0]",1,"S",0.2,0.1,5.806,0,0,0,0,1,0,0,1,0,0,0,0,0,0,0,1,0,0,1,0,1,0,1,0,0,0,0,0,1
"GRADO EN INGENIERÍA INFORMÁTICA EN INGENIERÍA DE COMPUTADORES","2011-12","1","SEP","Selectividad","H","MONTÁNCHEZ","(1990.0, 1995.0]",1,"S",0.5,0.1,6.536,0,0,0,0,1,0,0,1,0,0,0,0,0,0,0,1,0,0,1,0,1,0,1,0,0,0,0,0,1
"GRADO EN INGENIERÍA INFORMÁTICA EN INGENIERÍA DE COMPUTADORES","2011-12","1","SEP","Selectividad","H","ZAFRA","(1990.0, 1995.0]",1,"S",0.2,0,6.49,0,0,0,0,1,0,0,1,0,0,0,0,0,0,0,1,0,0,1,0,1,0,1,0,0,0,0,0,1
"GRADO EN INGENIERÍA INFORMÁTICA EN INGENIERÍA DE COMPUTADORES","2011-12","1","SEP","Selectividad","H","PLASENCIA","(1990.0, 1995.0]",1,"N",0.9,0,5.04,0,0,0,0,1,0,0,1,0,0,0,0,0,0,0,1,0,0,1,0,1,0,1,0,0,0,0,1,0
"GRADO EN INGENIERÍA INFORMÁTICA EN INGENIERÍA DE COMPUTADORES","2011-12","1","SEP","Selectividad","H","MONTIJO","(1990.0, 1995.0]",1,"S",0.6,0,6.506,0,0,0,0,1,0,0,1,0,0,0,0,0,0,0,1,0,0,1,0,1,0,1,0,0,0,0,0,1
"GRADO EN INGENIERÍA INFORMÁTICA EN INGENIERÍA DE COMPUTADORES","2011-12","1","SEP","Selectividad","H","BADAJOZ","(1990.0, 1995.0]",1,"N",0.8,0,5.154,0,0,0,0,1,0,0,1,0,0,0,0,0,0,0,1,0,0,1,0,1,0,1,0,0,0,0,1,0
"GRADO EN INGENIERÍA INFORMÁTICA EN INGENIERÍA DE COMPUTADORES","2012-13","0","JUN","Selectividad","H","PALENCIA","(1980.0, 1985.0]",0,"N",0.2222222222222222,0.2222222222222222,6.186,0,0,0,0,1,0,0,0,1,0,0,0,0,0,1,0,0,0,1,0,1,0,0,0,1,0,0,1,0
"GRADO EN INGENIERÍA INFORMÁTICA EN INGENIERÍA DE COMPUTADORES","2012-13","1","SEP","Selectividad","H","PLASENCIA","(1985.0, 1990.0]",1,"N",0.75,0.25,5.61,0,0,0,0,1,0,0,0,1,0,0,0,0,0,0,1,0,0,1,0,1,0,0,1,0,0,0,1,0
"GRADO EN INGENIERÍA INFORMÁTICA EN INGENIERÍA DE COMPUTADORES","2012-13","0","JUN","Selectividad","H","MÉRIDA","(1990.0, 1995.0]",1,"N",0,1,8.64,0,0,0,0,1,0,0,0,1,0,0,0,0,0,1,0,0,0,1,0,1,0,1,0,0,0,0,1,0
"GRADO EN INGENIERÍA INFORMÁTICA EN INGENIERÍA DE COMPUTADORES","2012-13","0","JUN","Formación Profesional","H","BADAJOZ","(1990.0, 1995.0]",1,"S",0.3,0,7,0,0,0,0,1,0,0,0,1,0,0,0,0,0,1,0,0,0,0,1,1,0,1,0,0,0,0,0,1
"GRADO EN INGENIERÍA INFORMÁTICA EN INGENIERÍA DE COMPUTADORES","2012-13","0","SEP","Selectividad","H","ALISEDA","(1990.0, 1995.0]",1,"N",0,0.8,5.846,0,0,0,0,1,0,0,0,1,0,0,0,0,0,0,1,0,0,1,0,1,0,1,0,0,0,0,1,0
"GRADO EN INGENIERÍA INFORMÁTICA EN INGENIERÍA DE COMPUTADORES","2012-13","1","JUN","Formación Profesional","H","PLASENCIA","(1985.0, 1990.0]",1,"S",0.5714285714285714,0.1428571428571428,8.15,0,0,0,0,1,0,0,0,1,0,0,0,0,0,1,0,0,0,0,1,1,0,0,1,0,0,0,0,1
"GRADO EN INGENIERÍA INFORMÁTICA EN INGENIERÍA DE COMPUTADORES","2012-13","1","JUN","Selectividad","H","CALERA Y CHOZAS","(1990.0, 1995.0]",1,"S",0.5,0,7.185,0,0,0,0,1,0,0,0,1,0,0,0,0,0,1,0,0,0,1,0,1,0,1,0,0,0,0,0,1
"GRADO EN INGENIERÍA INFORMÁTICA EN INGENIERÍA DE COMPUTADORES","2012-13","1","JUN","Selectividad","H","MÉRIDA","(1990.0, 1995.0]",1,"N",0.2,0.1,5.96,0,0,0,0,1,0,0,0,1,0,0,0,0,0,1,0,0,0,1,0,1,0,1,0,0,0,0,1,0
"GRADO EN INGENIERÍA INFORMÁTICA EN INGENIERÍA DE COMPUTADORES","2012-13","0","JUN","Selectividad","H","GUADALUPE","(1990.0, 1995.0]",0,"S",0,0.8333333333333334,7.778,0,0,0,0,1,0,0,0,1,0,0,0,0,0,1,0,0,0,1,0,1,0,1,0,0,0,0,0,1
"GRADO EN INGENIERÍA INFORMÁTICA EN INGENIERÍA DE COMPUTADORES","2012-13","0","JUN","Selectividad","H","BARCARROTA","(1990.0, 1995.0]",0,"N",0.25,0.25,9.078,0,0,0,0,1,0,0,0,1,0,0,0,0,0,1,0,0,0,1,0,1,0,1,0,0,0,0,1,0
"GRADO EN INGENIERÍA INFORMÁTICA EN INGENIERÍA DE COMPUTADORES","2012-13","1","JUN","Selectividad","D","CÁCERES","(1990.0, 1995.0]",1,"N",0.2222222222222222,0.2222222222222222,7.046,0,0,0,0,1,0,0,0,1,0,0,0,0,0,1,0,0,0,1,0,0,1,1,0,0,0,0,1,0
"GRADO EN INGENIERÍA INFORMÁTICA EN INGENIERÍA DE COMPUTADORES","2012-13","1","JUN","Formación Profesional","H","TALAVERA DE LA REINA","(1990.0, 1995.0]",1,"S",1,0,8.15,0,0,0,0,1,0,0,0,1,0,0,0,0,0,1,0,0,0,0,1,1,0,1,0,0,0,0,0,1
"GRADO EN INGENIERÍA INFORMÁTICA EN INGENIERÍA DE COMPUTADORES","2012-13","1","JUN","Formación Profesional","H","NAVALMORAL DE LA MATA","(1990.0, 1995.0]",1,"S",1,0,6.85,0,0,0,0,1,0,0,0,1,0,0,0,0,0,1,0,0,0,0,1,1,0,1,0,0,0,0,0,1
"GRADO EN INGENIERÍA INFORMÁTICA EN INGENIERÍA DE COMPUTADORES","2012-13","1","JUN","Selectividad","H","GUAREÑA","(1990.0, 1995.0]",1,"S",0.3,0,6.794,0,0,0,0,1,0,0,0,1,0,0,0,0,0,1,0,0,0,1,0,1,0,1,0,0,0,0,0,1
"GRADO EN INGENIERÍA INFORMÁTICA EN INGENIERÍA DE COMPUTADORES","2012-13","1","JUN","Selectividad","H","DON BENITO","(1990.0, 1995.0]",1,"N",1,0,5.124,0,0,0,0,1,0,0,0,1,0,0,0,0,0,1,0,0,0,1,0,1,0,1,0,0,0,0,1,0
"GRADO EN INGENIERÍA INFORMÁTICA EN INGENIERÍA DE COMPUTADORES","2012-13","1","JUN","Selectividad","H","CÁCERES","(1990.0, 1995.0]",0,"N",0,0.8333333333333334,11.01,0,0,0,0,1,0,0,0,1,0,0,0,0,0,1,0,0,0,1,0,1,0,1,0,0,0,0,1,0
"GRADO EN INGENIERÍA INFORMÁTICA EN INGENIERÍA DE COMPUTADORES","2012-13","0","SEP","Selectividad","H","MONESTERIO","(1990.0, 1995.0]",0,"S",0,0.8333333333333334,9.306,0,0,0,0,1,0,0,0,1,0,0,0,0,0,0,1,0,0,1,0,1,0,1,0,0,0,0,0,1
"GRADO EN INGENIERÍA INFORMÁTICA EN INGENIERÍA DE COMPUTADORES","2012-13","1","SEP","Selectividad","H","BADAJOZ","(1990.0, 1995.0]",1,"S",0.3,0,6.54,0,0,0,0,1,0,0,0,1,0,0,0,0,0,0,1,0,0,1,0,1,0,1,0,0,0,0,0,1
"GRADO EN INGENIERÍA INFORMÁTICA EN INGENIERÍA DE COMPUTADORES","2012-13","1","JUN","Selectividad","H","BADAJOZ","(1990.0, 1995.0]",1,"S",0.5,0,5.96,0,0,0,0,1,0,0,0,1,0,0,0,0,0,1,0,0,0,1,0,1,0,1,0,0,0,0,0,1
"GRADO EN INGENIERÍA INFORMÁTICA EN INGENIERÍA DE COMPUTADORES","2012-13","1","SEP","Selectividad","H","CÁCERES","(1990.0, 1995.0]",1,"N",0.3,0.1,6.384,0,0,0,0,1,0,0,0,1,0,0,0,0,0,0,1,0,0,1,0,1,0,1,0,0,0,0,1,0
"GRADO EN INGENIERÍA INFORMÁTICA EN INGENIERÍA DE COMPUTADORES","2012-13","1","SEP","Selectividad","H","VILLANUEVA DE LA SERENA","(1990.0, 1995.0]",1,"N",0.6,0,5.032,0,0,0,0,1,0,0,0,1,0,0,0,0,0,0,1,0,0,1,0,1,0,1,0,0,0,0,1,0
"GRADO EN INGENIERÍA INFORMÁTICA EN INGENIERÍA DE COMPUTADORES","2012-13","1","JUN","Selectividad","H","VILLAR DEL REY","(1990.0, 1995.0]",1,"N",1,0,6.978,0,0,0,0,1,0,0,0,1,0,0,0,0,0,1,0,0,0,1,0,1,0,1,0,0,0,0,1,0
"GRADO EN INGENIERÍA INFORMÁTICA EN INGENIERÍA DE COMPUTADORES","2012-13","0","JUN","Selectividad","H","NAVALMORAL DE LA MATA","(1990.0, 1995.0]",1,"S",0.125,0.5,7.31,0,0,0,0,1,0,0,0,1,0,0,0,0,0,1,0,0,0,1,0,1,0,1,0,0,0,0,0,1
"GRADO EN INGENIERÍA INFORMÁTICA EN INGENIERÍA DE COMPUTADORES","2012-13","1","SEP","Selectividad","D","BADAJOZ","(1990.0, 1995.0]",1,"S",0.5,0,5.974,0,0,0,0,1,0,0,0,1,0,0,0,0,0,0,1,0,0,1,0,0,1,1,0,0,0,0,0,1
"GRADO EN INGENIERÍA INFORMÁTICA EN INGENIERÍA DE COMPUTADORES","2012-13","1","JUN","Selectividad","H","ZARZA DE GRANADILLA","(1990.0, 1995.0]",1,"N",0.875,0,5.431,0,0,0,0,1,0,0,0,1,0,0,0,0,0,1,0,0,0,1,0,1,0,1,0,0,0,0,1,0
"GRADO EN INGENIERÍA INFORMÁTICA EN INGENIERÍA DE COMPUTADORES","2012-13","1","SEP","Selectividad","H","CÁCERES","(1990.0, 1995.0]",1,"N",0.8,0,5.701,0,0,0,0,1,0,0,0,1,0,0,0,0,0,0,1,0,0,1,0,1,0,1,0,0,0,0,1,0
"GRADO EN INGENIERÍA INFORMÁTICA EN INGENIERÍA DE COMPUTADORES","2012-13","0","JUN","Selectividad","H","CABEZA DEL BUEY","(1985.0, 1990.0]",0,"N",0,1,7.98,0,0,0,0,1,0,0,0,1,0,0,0,0,0,1,0,0,0,1,0,1,0,0,1,0,0,0,1,0
"GRADO EN INGENIERÍA INFORMÁTICA EN INGENIERÍA DE COMPUTADORES","2012-13","1","SEP","Selectividad","D","CÁCERES","(1990.0, 1995.0]",1,"N",1,0,5.464,0,0,0,0,1,0,0,0,1,0,0,0,0,0,0,1,0,0,1,0,0,1,1,0,0,0,0,1,0
"GRADO EN INGENIERÍA INFORMÁTICA EN INGENIERÍA DE COMPUTADORES","2012-13","1","JUN","Selectividad","H","PLASENCIA","(1985.0, 1990.0]",1,"N",0.75,0,5.77,0,0,0,0,1,0,0,0,1,0,0,0,0,0,1,0,0,0,1,0,1,0,0,1,0,0,0,1,0
"GRADO EN INGENIERÍA INFORMÁTICA EN INGENIERÍA DE COMPUTADORES","2013-14","1","JUN","Selectividad","H","BADAJOZ","(1990.0, 1995.0]",1,"S",0.4444444444444444,0.1111111111111111,7.078,0,0,0,0,1,0,0,0,0,1,0,0,0,0,1,0,0,0,1,0,1,0,1,0,0,0,0,0,1
"GRADO EN INGENIERÍA INFORMÁTICA EN INGENIERÍA DE COMPUTADORES","2013-14","0","JUN","Selectividad","H","MONTIJO","(1990.0, 1995.0]",0,"S",0,0.8333333333333334,9.609,0,0,0,0,1,0,0,0,0,1,0,0,0,0,1,0,0,0,1,0,1,0,1,0,0,0,0,0,1
"GRADO EN INGENIERÍA INFORMÁTICA EN INGENIERÍA DE COMPUTADORES","2013-14","0","JUN","Selectividad","H","ROBLEDILLO DE LA VERA","(1990.0, 1995.0]",1,"N",0.2,0.6,6.994,0,0,0,0,1,0,0,0,0,1,0,0,0,0,1,0,0,0,1,0,1,0,1,0,0,0,0,1,0
"GRADO EN INGENIERÍA INFORMÁTICA EN INGENIERÍA DE COMPUTADORES","2013-14","1","JUN","Selectividad","H","MÉRIDA","(1990.0, 1995.0]",1,"S",0.5555555555555556,0.1111111111111111,7.161,0,0,0,0,1,0,0,0,0,1,0,0,0,0,1,0,0,0,1,0,1,0,1,0,0,0,0,0,1
"GRADO EN INGENIERÍA INFORMÁTICA EN INGENIERÍA DE COMPUTADORES","2013-14","1","JUN","Formación Profesional","H","BADAJOZ","(1985.0, 1990.0]",1,"S",0.3333333333333333,0.1666666666666666,6.54,0,0,0,0,1,0,0,0,0,1,0,0,0,0,1,0,0,0,0,1,1,0,0,1,0,0,0,0,1
"GRADO EN INGENIERÍA INFORMÁTICA EN INGENIERÍA DE COMPUTADORES","2013-14","0","SEP","Formación Profesional","H","CÁCERES","(1980.0, 1985.0]",1,"S",0.3333333333333333,0.2222222222222222,5.6,0,0,0,0,1,0,0,0,0,1,0,0,0,0,0,1,0,0,0,1,1,0,0,0,1,0,0,0,1
"GRADO EN INGENIERÍA INFORMÁTICA EN INGENIERÍA DE COMPUTADORES","2013-14","1","SEP","Selectividad","D","ALICANTE/ALACANT","(1990.0, 1995.0]",1,"N",0.6,0,5.814,0,0,0,0,1,0,0,0,0,1,0,0,0,0,0,1,0,0,1,0,0,1,1,0,0,0,0,1,0
"GRADO EN INGENIERÍA INFORMÁTICA EN INGENIERÍA DE COMPUTADORES","2013-14","1","SEP","Selectividad","H","CAMPANARIO","(1990.0, 1995.0]",1,"S",0.6,0,7.64,0,0,0,0,1,0,0,0,0,1,0,0,0,0,0,1,0,0,1,0,1,0,1,0,0,0,0,0,1
"GRADO EN INGENIERÍA INFORMÁTICA EN INGENIERÍA DE COMPUTADORES","2013-14","1","SEP","Selectividad","H","CÁCERES","(1990.0, 1995.0]",1,"N",0.9,0,5.726,0,0,0,0,1,0,0,0,0,1,0,0,0,0,0,1,0,0,1,0,1,0,1,0,0,0,0,1,0
"GRADO EN INGENIERÍA INFORMÁTICA EN INGENIERÍA DE COMPUTADORES","2013-14","1","JUN","Selectividad","H","CÁCERES","(1990.0, 1995.0]",1,"N",0.3,0,6.892,0,0,0,0,1,0,0,0,0,1,0,0,0,0,1,0,0,0,1,0,1,0,1,0,0,0,0,1,0
"GRADO EN INGENIERÍA INFORMÁTICA EN INGENIERÍA DE COMPUTADORES","2013-14","1","SEP","Selectividad","H","BADAJOZ","(1990.0, 1995.0]",1,"S",0.3,0,5.918,0,0,0,0,1,0,0,0,0,1,0,0,0,0,0,1,0,0,1,0,1,0,1,0,0,0,0,0,1
"GRADO EN INGENIERÍA INFORMÁTICA EN INGENIERÍA DE COMPUTADORES","2013-14","0","SEP","Selectividad","H","ORELLANA LA VIEJA","(1990.0, 1995.0]",1,"S",0.5555555555555556,0.2222222222222222,5.846,0,0,0,0,1,0,0,0,0,1,0,0,0,0,0,1,0,0,1,0,1,0,1,0,0,0,0,0,1
"GRADO EN INGENIERÍA INFORMÁTICA EN INGENIERÍA DE COMPUTADORES","2013-14","1","SEP","Selectividad","H","PALMA DE MALLORCA","(1990.0, 1995.0]",1,"N",0.2222222222222222,0.1111111111111111,7.552,0,0,0,0,1,0,0,0,0,1,0,0,0,0,0,1,0,0,1,0,1,0,1,0,0,0,0,1,0
"GRADO EN INGENIERÍA INFORMÁTICA EN INGENIERÍA DE COMPUTADORES","2013-14","1","SEP","Selectividad","D","CORIA","(1990.0, 1995.0]",1,"S",0.5,0.25,6.45,0,0,0,0,1,0,0,0,0,1,0,0,0,0,0,1,0,0,1,0,0,1,1,0,0,0,0,0,1
"GRADO EN INGENIERÍA CIVIL - CONSTRUCCIONES CIVILES","2009-10","0","JUN","Selectividad","D","CASAR DE CÁCERES","(1990.0, 1995.0]",0,"S",0.125,0.25,7.23,1,0,0,0,0,1,0,0,0,0,0,0,0,0,1,0,0,0,1,0,0,1,1,0,0,0,0,0,1
"GRADO EN INGENIERÍA CIVIL - CONSTRUCCIONES CIVILES","2010-11","0","SEP","Selectividad","H","CÁCERES","(1990.0, 1995.0]",1,"N",0.48768849846618345,0.3087103302657002,5.312326805306521,1,0,0,0,0,0,1,0,0,0,0,0,0,0,0,1,0,0,1,0,1,0,1,0,0,0,0,1,0
"GRADO EN INGENIERÍA CIVIL - CONSTRUCCIONES CIVILES","2010-11","0","SEP","Selectividad","H","PLASENCIA","(1990.0, 1995.0]",1,"N",0.7864048231496644,0,5.770698163110648,1,0,0,0,0,0,1,0,0,0,0,0,0,0,0,1,0,0,1,0,1,0,1,0,0,0,0,1,0
"GRADO EN INGENIERÍA CIVIL - CONSTRUCCIONES CIVILES","2011-12","0","JUN","Selectividad","H","FREGENAL DE LA SIERRA","(1990.0, 1995.0]",1,"S",0.17000654967173126,0.536005239737385,7.308703811369454,1,0,0,0,0,0,0,1,0,0,0,0,0,0,1,0,0,0,1,0,1,0,1,0,0,0,0,0,1
"GRADO EN INGENIERÍA CIVIL - CONSTRUCCIONES CIVILES","2011-12","0","JUN","Selectividad","H","CÁCERES","(1990.0, 1995.0]",1,"S",0.375,0.375,5.578,1,0,0,0,0,0,0,1,0,0,0,0,0,0,1,0,0,0,1,0,1,0,1,0,0,0,0,0,1
"GRADO EN INGENIERÍA CIVIL - CONSTRUCCIONES CIVILES","2010-11","0","JUN","Selectividad","H","CÁCERES","(1980.0, 1985.0]",0,"N",0.7074358835001752,0.02432235228561417,7.363217576922926,1,0,0,0,0,0,1,0,0,0,0,0,0,0,1,0,0,0,1,0,1,0,0,0,1,0,0,1,0
"GRADO EN INGENIERÍA CIVIL - CONSTRUCCIONES CIVILES","2012-13","0","SEP","Selectividad","H","CÁCERES","(1985.0, 1990.0]",1,"N",0.5,0.3508816950686702,5.261556256853902,1,0,0,0,0,0,0,0,1,0,0,0,0,0,0,1,0,0,1,0,1,0,0,1,0,0,0,1,0
"GRADO EN INGENIERÍA CIVIL - CONSTRUCCIONES CIVILES","2013-14","0","JUN","Selectividad","H","ARROYO DE LA LUZ","(1990.0, 1995.0]",0,"S",0.2891094617304684,0.35544526913476576,8.746815881244594,1,0,0,0,0,0,0,0,0,1,0,0,0,0,1,0,0,0,1,0,1,0,1,0,0,0,0,0,1
"GRADO EN INGENIERÍA CIVIL - CONSTRUCCIONES CIVILES","2013-14","0","SEP","Selectividad","H","CÁCERES","(1990.0, 1995.0]",1,"N",0.25,0.5,6.176,1,0,0,0,0,0,0,0,0,1,0,0,0,0,0,1,0,0,1,0,1,0,1,0,0,0,0,1,0
"GRADO EN INGENIERÍA CIVIL - CONSTRUCCIONES CIVILES","2015-16","0","JUN","Selectividad","H","CÁCERES","(1990.0, 1995.0]",1,"N",0.2,0.4,5.314,1,0,0,0,0,0,0,0,0,0,0,1,0,0,1,0,0,0,1,0,1,0,1,0,0,0,0,1,0
"GRADO EN INGENIERÍA CIVIL - CONSTRUCCIONES CIVILES","2016-17","0","JUN","Selectividad","H","CAMINOMORISCO","(1995.0, 2000.0]",0,"N",0.4,0.2,6.36,1,0,0,0,0,0,0,0,0,0,0,0,1,0,1,0,0,0,1,0,1,0,0,0,0,1,0,1,0
"GRADO EN INGENIERÍA CIVIL - HIDROLOGÍA","2009-10","0","JUN","Selectividad","H","BADAJOZ","(1990.0, 1995.0]",1,"N",0.23244072962061912,0.16220364810309587,5.466523282389112,0,1,0,0,0,1,0,0,0,0,0,0,0,0,1,0,0,0,1,0,1,0,1,0,0,0,0,1,0
"GRADO EN INGENIERÍA CIVIL - HIDROLOGÍA","2013-14","0","JUN","Selectividad","D","MADRIGALEJO","(1990.0, 1995.0]",0,"S",0.25259754365916465,0.43685061408520875,11.19233157823576,0,1,0,0,0,0,0,0,0,1,0,0,0,0,1,0,0,0,1,0,0,1,1,0,0,0,0,0,1
"GRADO EN INGENIERÍA CIVIL - TRANSPORTES Y SERVICIOS URBANOS","2016-17","0","JUN","Selectividad","H","HIGUERA DE LA SERENA","(1980.0, 1985.0]",1,"N",0.7105506922237119,0.09648310259209603,6.332993994319224,0,0,1,0,0,0,0,0,0,0,0,0,1,0,1,0,0,0,1,0,1,0,0,0,1,0,0,1,0
"GRADO EN EDIFICACIÓN","2012-13","0","JUN","Selectividad","H","CÁCERES","(1990.0, 1995.0]",0,"S",0.2857142857142857,0.5714285714285714,8.535920731538662,0,0,0,1,0,0,0,0,1,0,0,0,0,0,1,0,0,0,1,0,1,0,1,0,0,0,0,0,1
"GRADO EN EDIFICACIÓN","2012-13","0","SEP","Selectividad","H","CABEZA DEL BUEY","(1990.0, 1995.0]",0,"N",0.2222222222222222,0.3333333333333333,5.118,0,0,0,1,0,0,0,0,1,0,0,0,0,0,0,1,0,0,1,0,1,0,1,0,0,0,0,1,0
"GRADO EN EDIFICACIÓN","2013-14","0","JUN","Formación Profesional","H","ZALAMEA DE LA SERENA","(1985.0, 1990.0]",0.5468681895200346,"S",0.19335852369000434,0.31835852369000434,6.820941722497579,0,0,0,1,0,0,0,0,0,1,0,0,0,0,1,0,0,0,0,1,1,0,0,1,0,0,0,0,1
"GRADO EN EDIFICACIÓN","2014-15","0","JUN","Selectividad","H","MALPARTIDA DE CÁCERES","(1995.0, 2000.0]",0,"N",0.3322826641402007,0.33385866792989966,6.959571326969201,0,0,0,1,0,0,0,0,0,0,1,0,0,0,1,0,0,0,1,0,1,0,0,0,0,1,0,1,0
"GRADO EN INGENIERÍA INFORMÁTICA EN INGENIERÍA DE COMPUTADORES","2012-13","0","SEP","Selectividad","H","ALISEDA","(1990.0, 1995.0]",1,"N",0.045861677426518185,0.7724829935440891,5.872966666326793,0,0,0,0,1,0,0,0,1,0,0,0,0,0,0,1,0,0,1,0,1,0,1,0,0,0,0,1,0
"GRADO EN INGENIERÍA INFORMÁTICA EN INGENIERÍA DE COMPUTADORES","2013-14","0","JUN","Selectividad","H","MONTIJO","(1990.0, 1995.0]",0,"S",0,0.8333333333333334,9.570778074723412,0,0,0,0,1,0,0,0,0,1,0,0,0,0,1,0,0,0,1,0,1,0,1,0,0,0,0,0,1
